age,filename,age
0,021_3095.png,21
1,021_2919.png,21
2,021_2675.png,21
3,021_2172.png,21
4,021_2211.png,21
5,021_2046.png,21
6,021_1772.png,21
7,021_1508.png,21
8,021_1672.png,21
9,021_6329.png,21
10,021_5440.png,21
11,021_5572.png,21
12,021_6036.png,21
13,021_6133.png,21
14,021_5797.png,21
15,021_4765.png,21
16,021_3272.png,21
17,021_4487.png,21
18,021_4108.png,21
19,021_4095.png,21
20,021_9429.png,21
21,021_8728.png,21
22,021_8477.png,21
23,021_8242.png,21
24,021_7362.png,21
25,021_716.png,21
26,021_7316.png,21
27,021_9462.png,21
28,021_9127.png,21
29,020_1577.png,20
30,020_5057.png,20
31,020_406.png,20
32,020_3628.png,20
33,020_1395.png,20
34,020_1410.png,20
35,020_1617.png,20
36,020_1839.png,20
37,020_3204.png,20
38,020_3362.png,20
39,020_2634.png,20
40,020_2526.png,20
41,020_8210.png,20
42,020_7719.png,20
43,020_7950.png,20
44,020_7803.png,20
45,020_5141.png,20
46,020_5805.png,20
47,020_6931.png,20
48,020_560.png,20
49,020_7274.png,20
50,020_637.png,20
51,020_6993.png,20
52,020_8513.png,20
53,020_850.png,20
54,020_9594.png,20
55,019_2802.png,19
56,019_2784.png,19
57,019_1888.png,19
58,019_1930.png,19
59,019_2441.png,19
60,019_1183.png,19
61,019_1442.png,19
62,019_4072.png,19
63,019_4112.png,19
64,019_3672.png,19
65,019_9193.png,19
66,019_8816.png,19
67,019_9776.png,19
68,019_5528.png,19
69,019_6351.png,19
70,019_5424.png,19
71,019_6289.png,19
72,019_8721.png,19
73,019_7205.png,19
74,019_7548.png,19
75,018_2854.png,18
76,018_2572.png,18
77,018_2223.png,18
78,018_2054.png,18
79,018_1269.png,18
80,018_1521.png,18
81,018_111.png,18
82,018_1158.png,18
83,018_168.png,18
84,018_4888.png,18
85,018_4315.png,18
86,018_3967.png,18
87,018_4021.png,18
88,018_4281.png,18
89,018_3008.png,18
90,018_3519.png,18
91,018_3019.png,18
92,018_3240.png,18
93,018_3303.png,18
94,018_3388.png,18
95,018_3351.png,18
96,018_3764.png,18
97,018_2546.png,18
98,018_3698.png,18
99,018_4251.png,18
100,018_4154.png,18
101,018_6830.png,18
102,018_6532.png,18
103,032_2199.png,32
104,032_1297.png,32
105,032_1726.png,32
106,032_176.png,32
107,032_6071.png,32
108,032_5661.png,32
109,032_5890.png,32
110,032_6063.png,32
111,032_5373.png,32
112,032_4703.png,32
113,032_4739.png,32
114,032_4651.png,32
115,032_407.png,32
116,032_3809.png,32
117,032_4270.png,32
118,032_461.png,32
119,032_3547.png,32
120,032_869.png,32
121,032_8681.png,32
122,032_8741.png,32
123,032_6979.png,32
124,032_703.png,32
125,032_7525.png,32
126,032_6770.png,32
127,032_6756.png,32
128,032_638.png,32
129,032_9224.png,32
130,032_9018.png,32
131,032_9058.png,32
132,032_8901.png,32
133,032_9425.png,32
134,030_2.png,30
135,030_2278.png,30
136,030_2542.png,30
137,030_1586.png,30
138,030_4383.png,30
139,030_4565.png,30
140,030_4111.png,30
141,030_4856.png,30
142,030_2856.png,30
143,030_3365.png,30
144,030_3916.png,30
145,030_2750.png,30
146,030_387.png,30
147,030_4096.png,30
148,030_3189.png,30
149,030_9278.png,30
150,030_9181.png,30
151,030_7849.png,30
152,030_7020.png,30
153,030_6373.png,30
154,030_780.png,30
155,030_534.png,30
156,030_6620.png,30
157,030_5994.png,30
158,030_6298.png,30
159,030_7218.png,30
160,029_3953.png,29
161,029_3522.png,29
162,029_340.png,29
163,029_1964.png,29
164,029_3094.png,29
165,029_1137.png,29
166,029_1418.png,29
167,029_19.png,29
168,029_175.png,29
169,029_3015.png,29
170,029_2517.png,29
171,029_2330.png,29
172,029_5918.png,29
173,029_5902.png,29
174,029_5672.png,29
175,029_557.png,29
176,029_5242.png,29
177,029_5250.png,29
178,029_3550.png,29
179,029_4169.png,29
180,029_8571.png,29
181,029_8016.png,29
182,029_7681.png,29
183,029_7730.png,29
184,029_7913.png,29
185,029_7788.png,29
186,029_5961.png,29
187,029_5699.png,29
188,029_7912.png,29
189,029_5930.png,29
190,029_6020.png,29
191,029_7215.png,29
192,029_6082.png,29
193,029_621.png,29
194,029_9565.png,29
195,029_8653.png,29
196,029_8759.png,29
197,029_8339.png,29
198,029_8370.png,29
199,029_9170.png,29
200,029_893.png,29
201,029_9441.png,29
202,028_1559.png,28
203,028_1492.png,28
204,028_444.png,28
205,028_5002.png,28
206,028_3909.png,28
207,028_3847.png,28
208,028_382.png,28
209,028_3743.png,28
210,028_3259.png,28
211,028_2492.png,28
212,028_2349.png,28
213,028_1653.png,28
214,028_2225.png,28
215,028_2282.png,28
216,028_2539.png,28
217,028_3387.png,28
218,028_7072.png,28
219,028_7086.png,28
220,028_5372.png,28
221,028_5599.png,28
222,028_6076.png,28
223,028_6360.png,28
224,028_6458.png,28
225,028_523.png,28
226,028_6451.png,28
227,028_6377.png,28
228,028_5990.png,28
229,028_6416.png,28
230,028_9749.png,28
231,028_9706.png,28
232,028_787.png,28
233,028_9727.png,28
234,028_9329.png,28
235,028_9459.png,28
236,028_8814.png,28
237,028_8893.png,28
238,028_8996.png,28
239,028_7158.png,28
240,028_7480.png,28
241,028_7631.png,28
242,028_9111.png,28
243,028_6730.png,28
244,028_662.png,28
245,028_6642.png,28
246,028_6707.png,28
247,028_8055.png,28
248,028_8170.png,28
249,028_722.png,28
250,028_7211.png,28
251,028_8425.png,28
252,028_9765.png,28
253,028_9652.png,28
254,028_9626.png,28
255,027_1701.png,27
256,027_1979.png,27
257,027_1832.png,27
258,027_1180.png,27
259,027_1165.png,27
260,027_3758.png,27
261,027_3107.png,27
262,027_1660.png,27
263,027_1555.png,27
264,027_164.png,27
265,027_2019.png,27
266,027_710.png,27
267,027_8952.png,27
268,027_7638.png,27
269,027_8199.png,27
270,027_7816.png,27
271,027_6952.png,27
272,027_872.png,27
273,027_6753.png,27
274,027_6754.png,27
275,027_9337.png,27
276,027_9323.png,27
277,027_7979.png,27
278,027_6248.png,27
279,027_462.png,27
280,027_555.png,27
281,027_58.png,27
282,027_4496.png,27
283,027_5354.png,27
284,027_3984.png,27
285,027_4066.png,27
286,027_5083.png,27
287,027_4840.png,27
288,027_3686.png,27
289,027_3816.png,27
290,027_3983.png,27
291,027_4056.png,27
292,026_127.png,26
293,026_177.png,26
294,026_103.png,26
295,026_1696.png,26
296,026_1432.png,26
297,026_170.png,26
298,026_224.png,26
299,026_294.png,26
300,026_297.png,26
301,026_2980.png,26
302,026_319.png,26
303,026_2261.png,26
304,026_2315.png,26
305,026_2229.png,26
306,026_3164.png,26
307,026_267.png,26
308,026_2017.png,26
309,026_2039.png,26
310,026_2894.png,26
311,026_2815.png,26
312,026_4939.png,26
313,026_4452.png,26
314,026_4321.png,26
315,026_3788.png,26
316,026_356.png,26
317,026_3374.png,26
318,026_3943.png,26
319,026_3864.png,26
320,026_4625.png,26
321,026_4419.png,26
322,026_458.png,26
323,026_566.png,26
324,026_5786.png,26
325,026_5101.png,26
326,026_546.png,26
327,026_4733.png,26
328,026_5054.png,26
329,026_5207.png,26
330,026_5278.png,26
331,026_5367.png,26
332,026_5003.png,26
333,026_604.png,26
334,026_5909.png,26
335,026_5856.png,26
336,026_6253.png,26
337,026_6556.png,26
338,026_7087.png,26
339,026_6118.png,26
340,026_6683.png,26
341,026_6327.png,26
342,026_6277.png,26
343,026_6136.png,26
344,026_649.png,26
345,026_6485.png,26
346,026_64.png,26
347,026_6246.png,26
348,026_7136.png,26
349,026_8841.png,26
350,026_8844.png,26
351,026_8216.png,26
352,026_8217.png,26
353,026_8173.png,26
354,026_7960.png,26
355,026_7335.png,26
356,026_7509.png,26
357,026_7919.png,26
358,026_8451.png,26
359,026_8432.png,26
360,026_8313.png,26
361,026_8166.png,26
362,026_8094.png,26
363,026_8333.png,26
364,026_7802.png,26
365,026_7820.png,26
366,026_9619.png,26
367,026_9748.png,26
368,026_9761.png,26
369,026_996.png,26
370,026_8664.png,26
371,026_9220.png,26
372,026_9366.png,26
373,026_9236.png,26
374,026_9025.png,26
375,026_9389.png,26
376,026_8531.png,26
377,026_8802.png,26
378,026_9440.png,26
379,026_9392.png,26
380,026_9088.png,26
381,026_8980.png,26
382,025_1757.png,25
383,025_1974.png,25
384,025_1463.png,25
385,025_1439.png,25
386,025_1378.png,25
387,025_1211.png,25
388,025_2994.png,25
389,025_2486.png,25
390,025_3356.png,25
391,025_3654.png,25
392,025_4297.png,25
393,025_380.png,25
394,025_3061.png,25
395,025_380 (1).png,25
396,044_3520.png,44
397,044_9451.png,44
398,043_639.png,43
399,043_5350.png,43
400,043_4188.png,43
401,043_3331.png,43
402,043_314.png,43
403,043_4172.png,43
404,043_2569.png,43
405,043_2717.png,43
406,043_1827.png,43
407,043_252.png,43
408,043_4271.png,43
409,043_9171.png,43
410,043_5648.png,43
411,043_6032.png,43
412,043_8835.png,43
413,043_6662.png,43
414,043_8337.png,43
415,043_8773.png,43
416,041_1260.png,41
417,041_1154.png,41
418,041_8203.png,41
419,041_7954.png,41
420,041_8053.png,41
421,041_6320.png,41
422,041_3790.png,41
423,041_1448.png,41
424,041_2388.png,41
425,041_3413.png,41
426,041_2588.png,41
427,041_2164.png,41
428,041_4138.png,41
429,041_3703.png,41
430,041_5216.png,41
431,041_5524.png,41
432,041_9454.png,41
433,041_8452.png,41
434,041_7709.png,41
435,041_743.png,41
436,040_1366.png,40
437,040_1349.png,40
438,040_120.png,40
439,040_1201.png,40
440,040_5451.png,40
441,040_5346.png,40
442,040_4480.png,40
443,040_3712.png,40
444,040_3122.png,40
445,040_3175.png,40
446,040_3079.png,40
447,040_272.png,40
448,040_2647.png,40
449,040_3037.png,40
450,040_3036.png,40
451,040_228.png,40
452,040_3521.png,40
453,040_7056.png,40
454,040_6505.png,40
455,040_5614.png,40
456,040_4986.png,40
457,040_7864.png,40
458,040_6764.png,40
459,040_5588.png,40
460,040_8739.png,40
461,040_7846.png,40
462,040_8706.png,40
463,040_9277.png,40
464,039_1602.png,39
465,039_1543.png,39
466,039_178.png,39
467,039_1193.png,39
468,039_2063.png,39
469,039_1011.png,39
470,039_1033.png,39
471,039_1356.png,39
472,039_5303.png,39
473,039_3856.png,39
474,039_3923.png,39
475,039_259.png,39
476,039_3803.png,39
477,039_3719.png,39
478,039_3700.png,39
479,039_4391.png,39
480,039_7562.png,39
481,039_7443.png,39
482,039_7856.png,39
483,039_7828.png,39
484,039_6956.png,39
485,039_6916.png,39
486,039_6886.png,39
487,039_6483.png,39
488,039_5773.png,39
489,039_5332.png,39
490,039_6364.png,39
491,039_633.png,39
492,039_7431.png,39
493,039_7436.png,39
494,039_8136.png,39
495,039_8248.png,39
496,039_8151.png,39
497,039_9086.png,39
498,039_913.png,39
499,039_8879.png,39
500,039_8917.png,39
501,039_8944.png,39
502,039_8329.png,39
503,039_8118.png,39
504,039_9435.png,39
505,039_9354.png,39
506,038_3486.png,38
507,038_3057.png,38
508,038_221.png,38
509,038_1894.png,38
510,038_1986.png,38
511,038_1282.png,38
512,038_1034.png,38
513,038_1365.png,38
514,038_7882.png,38
515,038_7146.png,38
516,038_7463.png,38
517,038_412.png,38
518,038_6396.png,38
519,038_6304.png,38
520,038_5750.png,38
521,038_5389.png,38
522,038_6372.png,38
523,038_4436.png,38
524,038_6395.png,38
525,038_6123.png,38
526,038_5865.png,38
527,038_5467.png,38
528,038_7720.png,38
529,038_895.png,38
530,038_9453.png,38
531,038_8373.png,38
532,038_8850.png,38
533,038_8287.png,38
534,038_889.png,38
535,038_9194.png,38
536,037_3561.png,37
537,037_3441.png,37
538,037_3369.png,37
539,037_3066.png,37
540,037_2110.png,37
541,037_2116.png,37
542,037_1825.png,37
543,037_2817.png,37
544,037_2544.png,37
545,037_1129.png,37
546,037_13.png,37
547,037_4294.png,37
548,037_6897.png,37
549,037_7284.png,37
550,037_6471.png,37
551,037_5862.png,37
552,037_5698.png,37
553,037_5877.png,37
554,037_5409.png,37
555,037_4524.png,37
556,037_4795.png,37
557,037_4771.png,37
558,037_4376.png,37
559,037_4421.png,37
560,037_9557.png,37
561,037_9745.png,37
562,037_9247.png,37
563,037_8501.png,37
564,037_8533.png,37
565,036_2010.png,36
566,036_2928.png,36
567,036_1887.png,36
568,036_2523.png,36
569,036_1056.png,36
570,036_1098.png,36
571,036_1458.png,36
572,036_5655.png,36
573,036_4798.png,36
574,036_5631.png,36
575,036_3516.png,36
576,036_3825.png,36
577,036_5239.png,36
578,036_3032.png,36
579,036_5167.png,36
580,036_8624.png,36
581,036_8375.png,36
582,036_8332.png,36
583,036_8056.png,36
584,036_7422.png,36
585,036_7684.png,36
586,036_7958.png,36
587,036_725.png,36
588,036_7419.png,36
589,036_6715.png,36
590,036_6875.png,36
591,036_6903.png,36
592,036_6041.png,36
593,036_5403.png,36
594,036_9372.png,36
595,036_9137.png,36
596,036_9318.png,36
597,035_4575.png,35
598,035_4428.png,35
599,035_4944.png,35
600,035_4275.png,35
601,035_4117.png,35
602,035_4804.png,35
603,035_3990.png,35
604,035_3415.png,35
605,035_3863.png,35
606,035_3855.png,35
607,035_2778.png,35
608,035_3003.png,35
609,035_1814.png,35
610,035_1185.png,35
611,035_1335.png,35
612,035_2385.png,35
613,035_1514.png,35
614,035_1518.png,35
615,035_1322.png,35
616,035_1085.png,35
617,035_1318.png,35
618,035_2468.png,35
619,035_800.png,35
620,035_7663.png,35
621,035_8227.png,35
622,035_8100.png,35
623,035_7437.png,35
624,035_7397.png,35
625,035_7313.png,35
626,035_6921.png,35
627,035_6980.png,35
628,035_6142.png,35
629,035_5723.png,35
630,035_5017.png,35
631,035_5016.png,35
632,035_498.png,35
633,035_4983.png,35
634,035_8956.png,35
635,035_8867.png,35
636,035_9396.png,35
637,035_844.png,35
638,035_8341.png,35
639,034_276.png,34
640,034_2060.png,34
641,034_2877.png,34
642,034_1803.png,34
643,034_1622.png,34
644,034_1010.png,34
645,034_1478.png,34
646,034_1091.png,34
647,034_6888.png,34
648,034_5904.png,34
649,034_624.png,34
650,034_5608.png,34
651,034_4926.png,34
652,034_3526.png,34
653,034_5515.png,34
654,034_565.png,34
655,034_3024.png,34
656,034_6461.png,34
657,034_6838.png,34
658,034_2984.png,34
659,034_856.png,34
660,034_9633.png,34
661,034_7746.png,34
662,034_7493.png,34
663,033_4578.png,33
664,033_4832.png,33
665,033_5946.png,33
666,033_5196.png,33
667,033_3211.png,33
668,033_3093.png,33
669,033_2328.png,33
670,033_2343.png,33
671,033_9568.png,33
672,033_925.png,33
673,033_7822.png,33
674,033_7358.png,33
675,033_6625.png,33
676,033_6493.png,33
677,033_8429.png,33
678,042_2965.png,42
679,042_2825.png,42
680,042_2232.png,42
681,042_2462.png,42
682,042_2704.png,42
683,042_1829.png,42
684,042_2113.png,42
685,042_1882.png,42
686,042_6743.png,42
687,042_6496.png,42
688,042_6280.png,42
689,042_6210.png,42
690,042_5802.png,42
691,042_5808.png,42
692,042_6106.png,42
693,042_4612.png,42
694,042_4004.png,42
695,042_5153.png,42
696,042_5036.png,42
697,042_4488.png,42
698,042_4055.png,42
699,042_9370.png,42
700,042_8997.png,42
701,042_7752.png,42
702,042_836.png,42
703,042_781.png,42
704,042_7949.png,42
705,042_7857.png,42
706,042_7737.png,42
707,032_4187.png,32
708,032_345.png,32
709,032_3216.png,32
710,032_285.png,32
711,032_3178.png,32
712,032_2805.png,32
713,032_2713.png,32
714,032_3152.png,32
715,032_3084.png,32
716,032_2797.png,32
717,032_2616.png,32
718,053_3273.png,53
719,053_344.png,53
720,053_3185.png,53
721,053_225.png,53
722,053_2333.png,53
723,053_2610.png,53
724,053_2603.png,53
725,053_2167.png,53
726,053_1604.png,53
727,053_1659.png,53
728,053_1730.png,53
729,053_131.png,53
730,053_6157.png,53
731,053_6569.png,53
732,053_6022.png,53
733,053_5958.png,53
734,053_5323.png,53
735,053_5420.png,53
736,053_5493.png,53
737,053_5211.png,53
738,053_5519.png,53
739,053_5082.png,53
740,053_467.png,53
741,053_4381.png,53
742,053_4951.png,53
743,053_4020.png,53
744,053_489.png,53
745,053_3987.png,53
746,053_9635.png,53
747,053_880.png,53
748,053_8856.png,53
749,053_879.png,53
750,053_8785.png,53
751,053_8307.png,53
752,053_8455.png,53
753,053_8726.png,53
754,053_862.png,53
755,053_7927.png,53
756,053_8697.png,53
757,053_7896.png,53
758,053_7153.png,53
759,053_7231.png,53
760,053_7472.png,53
761,053_7014.png,53
762,053_964.png,53
763,053_9404.png,53
764,053_9222.png,53
765,052_1372.png,52
766,052_1308.png,52
767,052_1044.png,52
768,052_1304.png,52
769,052_1245.png,52
770,052_1192.png,52
771,052_1171.png,52
772,052_4696.png,52
773,052_4627.png,52
774,052_4585.png,52
775,052_457.png,52
776,052_4550.png,52
777,052_4300.png,52
778,052_3819.png,52
779,052_3770.png,52
780,052_4426.png,52
781,052_3489.png,52
782,052_1822.png,52
783,052_2568.png,52
784,052_1459.png,52
785,052_3087.png,52
786,052_3062.png,52
787,052_3082.png,52
788,052_2161.png,52
789,052_6940.png,52
790,052_6224.png,52
791,052_6331.png,52
792,052_6752.png,52
793,052_6739.png,52
794,052_62.png,52
795,052_6064.png,52
796,052_6155.png,52
797,052_5960.png,52
798,052_5931.png,52
799,052_5637.png,52
800,052_5927.png,52
801,052_581.png,52
802,052_5240.png,52
803,052_5201.png,52
804,052_5252.png,52
805,052_4859.png,52
806,052_519.png,52
807,052_5134.png,52
808,052_5062.png,52
809,052_9406.png,52
810,052_9055.png,52
811,052_9596.png,52
812,052_9332.png,52
813,052_9157.png,52
814,052_9198.png,52
815,052_8703.png,52
816,052_8424.png,52
817,052_6962.png,52
818,052_817.png,52
819,052_8398.png,52
820,052_7466.png,52
821,052_7865.png,52
822,052_7777.png,52
823,052_7017.png,52
824,051_4260.png,51
825,051_5087.png,51
826,051_4057.png,51
827,051_3795.png,51
828,051_4557.png,51
829,051_3542.png,51
830,051_3469.png,51
831,051_2487.png,51
832,051_3009.png,51
833,051_2671.png,51
834,051_1515.png,51
835,051_2779.png,51
836,051_9767.png,51
837,051_9461.png,51
838,051_9408.png,51
839,051_771.png,51
840,051_7327.png,51
841,051_661.png,51
842,051_7957.png,51
843,051_7052.png,51
844,051_6884.png,51
845,051_7956.png,51
846,051_6783.png,51
847,051_5810.png,51
848,051_6735.png,51
849,050_1529.png,50
850,050_6167.png,50
851,050_4073.png,50
852,050_4465.png,50
853,050_265.png,50
854,050_3513.png,50
855,050_3458.png,50
856,050_3811.png,50
857,050_3589.png,50
858,050_3223.png,50
859,050_8580.png,50
860,050_7591.png,50
861,050_7496.png,50
862,050_8277.png,50
863,050_7085.png,50
864,050_7872.png,50
865,050_4935.png,50
866,050_5778.png,50
867,050_6328.png,50
868,050_6636.png,50
869,050_6275.png,50
870,050_6654.png,50
871,050_8736.png,50
872,050_9103.png,50
873,050_8824.png,50
874,050_9098.png,50
875,049_334.png,49
876,049_2759.png,49
877,049_2707.png,49
878,049_1499.png,49
879,049_104.png,49
880,049_6913.png,49
881,049_6841.png,49
882,049_6388.png,49
883,049_5645.png,49
884,049_5518.png,49
885,049_5428.png,49
886,049_5172.png,49
887,049_452.png,49
888,049_4643.png,49
889,049_9714.png,49
890,049_8526.png,49
891,049_8198.png,49
892,049_8254.png,49
893,049_7090.png,49
894,049_9214.png,49
895,049_7664.png,49
896,048_1743.png,48
897,048_1210.png,48
898,048_1151.png,48
899,048_8318.png,48
900,048_7159.png,48
901,048_7171.png,48
902,048_6088.png,48
903,048_6219.png,48
904,048_6760.png,48
905,048_6818.png,48
906,048_3419.png,48
907,048_2177.png,48
908,048_2423.png,48
909,048_1984.png,48
910,048_4353.png,48
911,048_43.png,48
912,048_397.png,48
913,048_396.png,48
914,048_5386.png,48
915,048_9226.png,48
916,048_8597.png,48
917,048_965.png,48
918,048_7669.png,48
919,048_7840.png,48
920,048_9033.png,48
921,047_4475.png,47
922,047_373.png,47
923,047_3443.png,47
924,047_4325.png,47
925,047_1351.png,47
926,047_2138.png,47
927,047_2813.png,47
928,047_1766.png,47
929,047_2422.png,47
930,047_2509.png,47
931,047_2327.png,47
932,047_9569.png,47
933,047_9064.png,47
934,047_8495.png,47
935,047_9031.png,47
936,047_6472.png,47
937,047_7391.png,47
938,047_5928.png,47
939,047_5843.png,47
940,047_6001.png,47
941,047_7388.png,47
942,047_6836.png,47
943,047_7207.png,47
944,046_1164.png,46
945,046_3479 (1).png,46
946,046_236.png,46
947,046_2472.png,46
948,046_3479.png,46
949,046_1863.png,46
950,046_2760.png,46
951,046_281.png,46
952,046_1189.png,46
953,046_8114.png,46
954,046_8201.png,46
955,046_236 (1).png,46
956,046_2472 (1).png,46
957,046_3560.png,46
958,046_1863 (1).png,46
959,046_2760 (1).png,46
960,046_7986.png,46
961,046_8096.png,46
962,046_5143.png,46
963,046_3961.png,46
964,046_5935.png,46
965,046_5094.png,46
966,046_8384.png,46
967,046_9305.png,46
968,046_9270.png,46
969,045_4335.png,45
970,045_4308.png,45
971,045_5542.png,45
972,045_2617.png,45
973,045_2858.png,45
974,045_3118.png,45
975,045_3140.png,45
976,045_1073.png,45
977,045_3981.png,45
978,045_2439.png,45
979,045_1267.png,45
980,045_3677.png,45
981,045_8084.png,45
982,045_7941.png,45
983,045_7543.png,45
984,045_700.png,45
985,045_6842.png,45
986,045_6898.png,45
987,045_6201.png,45
988,045_5347.png,45
989,045_5202.png,45
990,045_7272.png,45
991,045_7319.png,45
992,045_6402.png,45
993,045_7360.png,45
994,045_7735.png,45
995,045_9573.png,45
996,044_8668.png,44
997,044_7773.png,44
998,044_5443.png,44
999,044_3874.png,44
1000,001_1089.png,1
1001,001_1415.png,1
1002,001_1220.png,1
1003,001_1216.png,1
1004,001_1107.png,1
1005,001_1133.png,1
1006,001_1169.png,1
1007,001_1161.png,1
1008,001_1148.png,1
1009,001_1203.png,1
1010,001_1182.png,1
1011,001_1212.png,1
1012,001_1102.png,1
1013,001_1205.png,1
1014,001_1172.png,1
1015,001_1118.png,1
1016,001_1131.png,1
1017,001_1414.png,1
1018,001_1342.png,1
1019,001_1336.png,1
1020,001_1330.png,1
1021,001_1243.png,1
1022,001_1226.png,1
1023,001_1225.png,1
1024,001_1301.png,1
1025,001_1300.png,1
1026,001_1224.png,1
1027,001_1218.png,1
1028,001_1284.png,1
1029,001_186.png,1
1030,001_1774.png,1
1031,001_1786.png,1
1032,001_1790.png,1
1033,001_1851.png,1
1034,001_18.png,1
1035,001_1792.png,1
1036,001_1764.png,1
1037,001_1816.png,1
1038,001_1795.png,1
1039,001_1753.png,1
1040,001_1762.png,1
1041,010_7785.png,10
1042,010_9322.png,10
1043,010_9495.png,10
1044,010_9751.png,10
1045,010_9496.png,10
1046,010_9648.png,10
1047,009_1489.png,9
1048,009_3254.png,9
1049,009_2701.png,9
1050,009_2564.png,9
1051,009_2515.png,9
1052,009_2777.png,9
1053,009_2744.png,9
1054,009_2409.png,9
1055,009_1509.png,9
1056,009_1877.png,9
1057,009_1769.png,9
1058,009_144.png,9
1059,009_182.png,9
1060,009_1763.png,9
1061,009_1664.png,9
1062,009_1638.png,9
1063,009_1323.png,9
1064,009_1259.png,9
1065,009_1437.png,9
1066,009_6086.png,9
1067,009_5345.png,9
1068,009_470.png,9
1069,009_5256.png,9
1070,009_5233.png,9
1071,009_4641.png,9
1072,009_4483.png,9
1073,009_5148.png,9
1074,009_4458.png,9
1075,009_4320.png,9
1076,009_3903.png,9
1077,009_3891.png,9
1078,009_403.png,9
1079,009_4304.png,9
1080,009_4291.png,9
1081,009_3604.png,9
1082,009_3723.png,9
1083,009_3184.png,9
1084,009_352.png,9
1085,009_3598.png,9
1086,009_3708.png,9
1087,009_3375.png,9
1088,009_3389.png,9
1089,009_3312.png,9
1090,009_3346.png,9
1091,009_7878.png,9
1092,009_7776.png,9
1093,009_7559.png,9
1094,009_775.png,9
1095,009_696.png,9
1096,009_7152.png,9
1097,009_7098.png,9
1098,009_6957.png,9
1099,009_732.png,9
1100,009_694.png,9
1101,009_6856.png,9
1102,009_7455.png,9
1103,009_7381.png,9
1104,009_7359.png,9
1105,009_6854.png,9
1106,009_5747.png,9
1107,009_6392.png,9
1108,009_6345.png,9
1109,009_6807.png,9
1110,009_5714.png,9
1111,009_6057.png,9
1112,009_6240.png,9
1113,009_6189.png,9
1114,009_628.png,9
1115,009_9473.png,9
1116,009_9421.png,9
1117,009_9577.png,9
1118,009_930.png,9
1119,009_8981.png,9
1120,009_868.png,9
1121,009_8619.png,9
1122,009_8807.png,9
1123,009_838.png,9
1124,009_7603.png,9
1125,009_7599.png,9
1126,009_7601.png,9
1127,009_8793.png,9
1128,009_7922.png,9
1129,008_1610.png,8
1130,008_2444.png,8
1131,008_2016.png,8
1132,008_2183.png,8
1133,008_1309.png,8
1134,008_1149.png,8
1135,008_1611.png,8
1136,008_1310.png,8
1137,008_2269.png,8
1138,008_2095.png,8
1139,008_209.png,8
1140,008_3460.png,8
1141,008_3352.png,8
1142,008_3001.png,8
1143,008_3313.png,8
1144,008_2769.png,8
1145,008_2584.png,8
1146,008_2640.png,8
1147,008_2500.png,8
1148,008_2513.png,8
1149,008_3578.png,8
1150,008_3310.png,8
1151,008_2989.png,8
1152,008_4971.png,8
1153,008_4961.png,8
1154,008_3709.png,8
1155,008_4288.png,8
1156,008_3787.png,8
1157,008_3745.png,8
1158,008_3747.png,8
1159,008_4587.png,8
1160,008_4913.png,8
1161,008_4113.png,8
1162,008_4309.png,8
1163,008_4564.png,8
1164,008_3960.png,8
1165,008_4163.png,8
1166,008_7069.png,8
1167,008_651.png,8
1168,008_6550.png,8
1169,008_6631.png,8
1170,008_6645.png,8
1171,008_5814.png,8
1172,008_5772.png,8
1173,008_5161.png,8
1174,008_5011.png,8
1175,008_5310.png,8
1176,008_589.png,8
1177,008_6179.png,8
1178,008_8080.png,8
1179,008_8051.png,8
1180,008_8168.png,8
1181,008_8097.png,8
1182,008_7899.png,8
1183,008_7659.png,8
1184,008_7372.png,8
1185,008_7154.png,8
1186,008_7398.png,8
1187,008_7254.png,8
1188,008_975.png,8
1189,008_954.png,8
1190,008_9564.png,8
1191,008_9242.png,8
1192,008_9027.png,8
1193,008_9068.png,8
1194,008_9218.png,8
1195,008_9109.png,8
1196,008_8616.png,8
1197,008_8479.png,8
1198,008_8346.png,8
1199,007_3530.png,7
1200,007_3452.png,7
1201,007_3370.png,7
1202,007_3337.png,7
1203,007_2767.png,7
1204,007_2596.png,7
1205,007_2227.png,7
1206,007_1575.png,7
1207,007_2290.png,7
1208,007_1128.png,7
1209,007_1526.png,7
1210,007_237.png,7
1211,007_5099.png,7
1212,007_4844.png,7
1213,007_4807.png,7
1214,007_4755.png,7
1215,007_408.png,7
1216,007_4513.png,7
1217,007_4284.png,7
1218,007_3682.png,7
1219,007_4466.png,7
1220,007_873.png,7
1221,007_779.png,7
1222,007_7876.png,7
1223,007_7617.png,7
1224,007_7028.png,7
1225,007_7841.png,7
1226,007_8137.png,7
1227,007_8069.png,7
1228,007_8361.png,7
1229,007_8518.png,7
1230,007_8767.png,7
1231,007_7418.png,7
1232,007_8583.png,7
1233,007_9427.png,7
1234,007_9241.png,7
1235,007_9393.png,7
1236,007_9507.png,7
1237,007_8735.png,7
1238,007_8441.png,7
1239,007_8458.png,7
1240,007_849.png,7
1241,007_6366.png,7
1242,007_6332.png,7
1243,007_5833.png,7
1244,007_5710.png,7
1245,007_5915.png,7
1246,007_5767.png,7
1247,007_7753.png,7
1248,007_6755.png,7
1249,007_6629.png,7
1250,007_6259.png,7
1251,007_5553.png,7
1252,007_705.png,7
1253,007_6710.png,7
1254,007_7761.png,7
1255,007_4876.png,7
1256,007_4909.png,7
1257,007_4867.png,7
1258,007_5012.png,7
1259,007_6100.png,7
1260,007_663.png,7
1261,007_6944.png,7
1262,007_6207.png,7
1263,007_5999.png,7
1264,007_5329.png,7
1265,006_1502.png,6
1266,006_172.png,6
1267,006_2160.png,6
1268,006_1996.png,6
1269,006_1756.png,6
1270,006_1482.png,6
1271,006_1236.png,6
1272,006_1953.png,6
1273,006_1049.png,6
1274,006_539.png,6
1275,006_5044.png,6
1276,006_4972.png,6
1277,006_5545.png,6
1278,006_4757.png,6
1279,006_4292.png,6
1280,006_4413.png,6
1281,006_47.png,6
1282,006_305.png,6
1283,006_2306.png,6
1284,006_263.png,6
1285,006_246.png,6
1286,006_339.png,6
1287,006_3022.png,6
1288,006_295.png,6
1289,006_2615.png,6
1290,006_3454.png,6
1291,006_3021.png,6
1292,006_3636.png,6
1293,006_346.png,6
1294,006_2736.png,6
1295,006_3435.png,6
1296,006_3535.png,6
1297,006_3823.png,6
1298,006_9471.png,6
1299,006_8537.png,6
1300,006_7725.png,6
1301,006_7821.png,6
1302,006_8431.png,6
1303,006_8233.png,6
1304,006_5621.png,6
1305,006_5863.png,6
1306,006_5605.png,6
1307,006_5092.png,6
1308,006_5100.png,6
1309,006_580.png,6
1310,006_7353.png,6
1311,006_721.png,6
1312,006_9704.png,6
1313,006_9386.png,6
1314,006_8988.png,6
1315,005_27.png,5
1316,005_2681.png,5
1317,005_2554.png,5
1318,005_2442.png,5
1319,005_2434.png,5
1320,005_2347.png,5
1321,005_1071.png,5
1322,005_1156.png,5
1323,005_1037.png,5
1324,005_2056.png,5
1325,005_1728.png,5
1326,005_1348.png,5
1327,005_1079.png,5
1328,005_1777.png,5
1329,005_2115.png,5
1330,005_1705.png,5
1331,005_2089.png,5
1332,005_1052.png,5
1333,005_1287.png,5
1334,005_1931.png,5
1335,005_1983.png,5
1336,005_1975.png,5
1337,005_4395.png,5
1338,005_4361.png,5
1339,005_4915.png,5
1340,005_4286.png,5
1341,005_4200.png,5
1342,005_3995.png,5
1343,005_4045.png,5
1344,005_42.png,5
1345,005_4182.png,5
1346,005_4116.png,5
1347,005_3878.png,5
1348,005_3797.png,5
1349,005_4142.png,5
1350,005_3870.png,5
1351,005_3739.png,5
1352,005_3270.png,5
1353,005_3228.png,5
1354,005_2850.png,5
1355,005_2458.png,5
1356,005_2547.png,5
1357,005_2494.png,5
1358,005_2791.png,5
1359,005_2756.png,5
1360,005_349.png,5
1361,005_3554.png,5
1362,005_6672.png,5
1363,005_6354.png,5
1364,005_620.png,5
1365,005_6891.png,5
1366,005_6725.png,5
1367,005_626.png,5
1368,005_56.png,5
1369,005_5560.png,5
1370,005_5469.png,5
1371,005_6027.png,5
1372,005_5998.png,5
1373,005_5691.png,5
1374,005_5390.png,5
1375,005_5964.png,5
1376,005_5869.png,5
1377,005_5286.png,5
1378,005_5129.png,5
1379,005_4719.png,5
1380,005_4608.png,5
1381,005_4448.png,5
1382,005_9039.png,5
1383,005_9059.png,5
1384,005_8762.png,5
1385,005_976.png,5
1386,005_8855.png,5
1387,005_8605.png,5
1388,005_8604.png,5
1389,005_8639.png,5
1390,005_8620.png,5
1391,005_9423.png,5
1392,005_8873.png,5
1393,005_9099.png,5
1394,005_8909.png,5
1395,005_8557.png,5
1396,005_9104.png,5
1397,005_9244.png,5
1398,005_8788.png,5
1399,005_920.png,5
1400,005_8680.png,5
1401,005_8734.png,5
1402,005_9489.png,5
1403,005_7694.png,5
1404,005_7217.png,5
1405,005_7728.png,5
1406,005_8159.png,5
1407,005_8120.png,5
1408,005_8041.png,5
1409,005_8427.png,5
1410,005_8496.png,5
1411,005_8261.png,5
1412,005_6553.png,5
1413,005_6437.png,5
1414,005_6615.png,5
1415,005_7698.png,5
1416,005_8357.png,5
1417,005_7540.png,5
1418,005_7339.png,5
1419,005_8555.png,5
1420,005_8512.png,5
1421,005_8499.png,5
1422,005_723.png,5
1423,005_7744.png,5
1424,005_707.png,5
1425,005_7977.png,5
1426,005_718.png,5
1427,004_1144.png,4
1428,004_1063.png,4
1429,004_1084.png,4
1430,004_1112.png,4
1431,004_1420.png,4
1432,004_1403.png,4
1433,004_1390.png,4
1434,004_2643.png,4
1435,004_1552.png,4
1436,004_1191.png,4
1437,004_1815.png,4
1438,004_1799.png,4
1439,004_1678.png,4
1440,004_1708.png,4
1441,004_21.png,4
1442,004_1956.png,4
1443,004_1913.png,4
1444,004_1831.png,4
1445,004_1332.png,4
1446,004_126.png,4
1447,004_1455.png,4
1448,004_1558.png,4
1449,004_2264.png,4
1450,004_2497.png,4
1451,004_1989.png,4
1452,004_1507.png,4
1453,004_2215.png,4
1454,004_2002.png,4
1455,004_2219.png,4
1456,004_2156.png,4
1457,004_1237.png,4
1458,004_3347.png,4
1459,004_3623.png,4
1460,004_370.png,4
1461,004_3622.png,4
1462,004_3007.png,4
1463,004_3465.png,4
1464,004_2973.png,4
1465,004_2752.png,4
1466,004_2435.png,4
1467,004_3777.png,4
1468,004_3608.png,4
1469,004_3490.png,4
1470,004_3737.png,4
1471,004_3549.png,4
1472,004_3728.png,4
1473,004_3183.png,4
1474,004_3281.png,4
1475,004_3205.png,4
1476,004_3230.png,4
1477,004_3405.png,4
1478,004_3377.png,4
1479,004_3146.png,4
1480,004_3114.png,4
1481,004_3327.png,4
1482,004_3110.png,4
1483,004_2874.png,4
1484,004_2853.png,4
1485,004_2917.png,4
1486,004_3049.png,4
1487,004_280.png,4
1488,004_4007.png,4
1489,004_4754.png,4
1490,004_4772.png,4
1491,004_4830.png,4
1492,004_4727.png,4
1493,004_4601.png,4
1494,004_3942.png,4
1495,004_3857.png,4
1496,004_3821.png,4
1497,004_3939.png,4
1498,004_4950.png,4
1499,004_3789.png,4
1500,004_4211.png,4
1501,004_3839.png,4
1502,004_4255.png,4
1503,004_4441.png,4
1504,004_4385.png,4
1505,004_436.png,4
1506,004_4349.png,4
1507,004_4358.png,4
1508,004_4012.png,4
1509,004_4143.png,4
1510,004_4175.png,4
1511,004_4014.png,4
1512,004_4477.png,4
1513,004_4542.png,4
1514,004_3808.png,4
1515,004_4153.png,4
1516,004_4884.png,4
1517,004_5965.png,4
1518,004_6025.png,4
1519,004_6341.png,4
1520,004_6291.png,4
1521,004_6200.png,4
1522,004_6163.png,4
1523,004_5703.png,4
1524,004_5719.png,4
1525,004_5539.png,4
1526,004_5527.png,4
1527,004_5162.png,4
1528,004_5288.png,4
1529,004_531.png,4
1530,004_5132.png,4
1531,004_4984.png,4
1532,004_5453.png,4
1533,004_5387.png,4
1534,004_4988.png,4
1535,004_967.png,4
1536,004_9590.png,4
1537,004_9262.png,4
1538,004_9005.png,4
1539,004_79.png,4
1540,004_7826.png,4
1541,004_782.png,4
1542,004_7891.png,4
1543,004_9655.png,4
1544,004_7780.png,4
1545,004_7814.png,4
1546,004_7861.png,4
1547,004_7930.png,4
1548,018_6274.png,18
1549,018_645.png,18
1550,018_5903.png,18
1551,018_5160.png,18
1552,018_5015.png,18
1553,018_6053.png,18
1554,018_82.png,18
1555,018_8636.png,18
1556,018_8576.png,18
1557,018_857.png,18
1558,018_8184.png,18
1559,018_8143.png,18
1560,018_6635.png,18
1561,018_7951.png,18
1562,018_8076.png,18
1563,018_7542.png,18
1564,018_9360.png,18
1565,018_9519.png,18
1566,018_9690.png,18
1567,018_8838.png,18
1568,018_9673.png,18
1569,018_9641.png,18
1570,017_2878.png,17
1571,017_1704.png,17
1572,017_3282.png,17
1573,017_3420.png,17
1574,017_4071.png,17
1575,017_2880.png,17
1576,017_3650.png,17
1577,017_3466.png,17
1578,017_3115.png,17
1579,017_3585.png,17
1580,017_3643.png,17
1581,017_4656.png,17
1582,017_4662.png,17
1583,017_4914.png,17
1584,017_9341.png,17
1585,017_8895.png,17
1586,017_9465.png,17
1587,017_9385.png,17
1588,017_5580.png,17
1589,017_7025.png,17
1590,017_7244.png,17
1591,017_7516.png,17
1592,017_7554.png,17
1593,017_8714.png,17
1594,017_832.png,17
1595,017_8973.png,17
1596,016_191.png,16
1597,016_1862.png,16
1598,016_1184.png,16
1599,016_1186.png,16
1600,016_1147.png,16
1601,016_2069.png,16
1602,016_167.png,16
1603,016_3637.png,16
1604,016_3910.png,16
1605,016_2433.png,16
1606,016_2436.png,16
1607,016_2896.png,16
1608,016_4219.png,16
1609,016_4093.png,16
1610,016_5503.png,16
1611,016_5446.png,16
1612,016_4959.png,16
1613,016_4958.png,16
1614,016_4990.png,16
1615,016_4635.png,16
1616,016_4457.png,16
1617,016_4636.png,16
1618,016_4503.png,16
1619,016_4762.png,16
1620,016_7577.png,16
1621,016_7367.png,16
1622,016_7514.png,16
1623,016_7402.png,16
1624,016_7002.png,16
1625,016_6724.png,16
1626,016_6774.png,16
1627,016_6806.png,16
1628,016_6464.png,16
1629,016_6272.png,16
1630,016_6892.png,16
1631,016_5857.png,16
1632,016_5881.png,16
1633,016_7467.png,16
1634,016_691.png,16
1635,016_858.png,16
1636,016_8572.png,16
1637,016_8647.png,16
1638,016_7658.png,16
1639,016_7699.png,16
1640,016_7708.png,16
1641,016_8305.png,16
1642,016_8181.png,16
1643,016_8457.png,16
1644,016_8444.png,16
1645,016_8694.png,16
1646,016_7628.png,16
1647,016_7779.png,16
1648,016_8079.png,16
1649,016_8235.png,16
1650,016_8228.png,16
1651,016_8223.png,16
1652,016_9579.png,16
1653,016_9040.png,16
1654,016_9155.png,16
1655,016_9246.png,16
1656,016_9271.png,16
1657,016_9402.png,16
1658,016_9636.png,16
1659,016_973.png,16
1660,016_9612.png,16
1661,016_999.png,16
1662,016_9738.png,16
1663,015_2893.png,15
1664,015_3464.png,15
1665,015_1296.png,15
1666,015_1470.png,15
1667,015_328.png,15
1668,015_1729.png,15
1669,015_1692.png,15
1670,015_2346.png,15
1671,015_1472.png,15
1672,015_6000.png,15
1673,015_5607.png,15
1674,015_551.png,15
1675,015_5427.png,15
1676,015_4962.png,15
1677,015_4615.png,15
1678,015_4032.png,15
1679,015_3801.png,15
1680,015_405.png,15
1681,015_4517.png,15
1682,015_3721.png,15
1683,015_4346.png,15
1684,015_347.png,15
1685,015_876.png,15
1686,015_8497.png,15
1687,015_7328.png,15
1688,015_6763.png,15
1689,015_6811.png,15
1690,015_7768.png,15
1691,015_6967.png,15
1692,015_6205.png,15
1693,015_7675.png,15
1694,015_7292.png,15
1695,015_6607.png,15
1696,015_6293.png,15
1697,015_6768.png,15
1698,015_61.png,15
1699,015_7565.png,15
1700,015_8280.png,15
1701,015_9335.png,15
1702,015_9067.png,15
1703,015_936.png,15
1704,015_9041.png,15
1705,015_9498.png,15
1706,015_8972.png,15
1707,015_9419.png,15
1708,014_1326.png,14
1709,014_1217.png,14
1710,014_3893.png,14
1711,014_4701.png,14
1712,014_3488.png,14
1713,014_2852.png,14
1714,014_2455.png,14
1715,014_2382.png,14
1716,014_1907.png,14
1717,014_1817.png,14
1718,014_1652.png,14
1719,014_1047.png,14
1720,014_1117.png,14
1721,014_5429.png,14
1722,014_5732.png,14
1723,014_5309.png,14
1724,014_5330.png,14
1725,014_601.png,14
1726,014_5659.png,14
1727,014_5260.png,14
1728,014_541.png,14
1729,014_6397.png,14
1730,014_499.png,14
1731,014_6781.png,14
1732,014_6577.png,14
1733,014_7075.png,14
1734,014_9333.png,14
1735,014_8149.png,14
1736,014_7439.png,14
1737,014_7654.png,14
1738,014_8561.png,14
1739,014_8603.png,14
1740,014_8461.png,14
1741,014_7835.png,14
1742,014_802.png,14
1743,014_6585.png,14
1744,014_9455.png,14
1745,014_9436.png,14
1746,014_9195.png,14
1747,013_4808.png,13
1748,013_4314.png,13
1749,013_4128.png,13
1750,013_500.png,13
1751,013_4027.png,13
1752,013_3329.png,13
1753,013_3292.png,13
1754,013_3494.png,13
1755,013_1849.png,13
1756,013_2015.png,13
1757,013_1595.png,13
1758,013_149.png,13
1759,013_5911.png,13
1760,013_8564.png,13
1761,013_8764.png,13
1762,013_7416.png,13
1763,013_654.png,13
1764,013_634.png,13
1765,013_7115.png,13
1766,013_4549.png,13
1767,012_1739.png,12
1768,012_150.png,12
1769,012_1388.png,12
1770,012_1331.png,12
1771,012_1076.png,12
1772,012_1368.png,12
1773,012_606.png,12
1774,012_5954.png,12
1775,012_6099.png,12
1776,012_5925.png,12
1777,012_5780.png,12
1778,012_660.png,12
1779,012_5745.png,12
1780,012_512.png,12
1781,012_4711.png,12
1782,012_4704.png,12
1783,012_4687.png,12
1784,012_2968.png,12
1785,012_3805.png,12
1786,012_4246.png,12
1787,012_2726.png,12
1788,012_2049.png,12
1789,012_4122.png,12
1790,012_960.png,12
1791,012_8330.png,12
1792,012_8796.png,12
1793,012_8283.png,12
1794,012_8176.png,12
1795,012_8259.png,12
1796,012_7940.png,12
1797,012_72.png,12
1798,012_7175.png,12
1799,012_9475.png,12
1800,010_141.png,10
1801,010_1377.png,10
1802,010_1279.png,10
1803,010_4721.png,10
1804,010_4150.png,10
1805,010_4698.png,10
1806,010_4149.png,10
1807,010_3873.png,10
1808,010_3624.png,10
1809,010_3476.png,10
1810,010_3457.png,10
1811,010_3342.png,10
1812,010_3518.png,10
1813,010_3577.png,10
1814,010_3194.png,10
1815,010_2835.png,10
1816,010_254.png,10
1817,010_3168.png,10
1818,010_2416.png,10
1819,010_1995.png,10
1820,010_2331.png,10
1821,010_7813.png,10
1822,010_7400.png,10
1823,010_6757.png,10
1824,010_6927.png,10
1825,010_7012.png,10
1826,010_6079.png,10
1827,010_7024.png,10
1828,010_5615.png,10
1829,010_5059.png,10
1830,010_6065.png,10
1831,010_6039.png,10
1832,010_7356.png,10
1833,010_4239.png,10
1834,010_4507.png,10
1835,010_4208.png,10
1836,010_4796.png,10
1837,010_9161.png,10
1838,010_9276.png,10
1839,010_8915.png,10
1840,010_8916.png,10
1841,010_8858.png,10
1842,010_8707.png,10
1843,010_8466.png,10
1844,010_8517.png,10
1845,010_8623.png,10
1846,010_8569.png,10
1847,010_8179.png,10
1848,010_7652.png,10
1849,010_7686.png,10
1850,010_7921.png,10
1851,025_4460.png,25
1852,025_5218.png,25
1853,025_4510.png,25
1854,025_5848.png,25
1855,025_5052.png,25
1856,025_4763.png,25
1857,025_4552.png,25
1858,025_4722.png,25
1859,025_7670.png,25
1860,025_8349.png,25
1861,025_6925.png,25
1862,025_6809.png,25
1863,025_6652.png,25
1864,025_7100.png,25
1865,025_7045.png,25
1866,025_9630.png,25
1867,025_9290.png,25
1868,025_9324.png,25
1869,025_9201.png,25
1870,025_8606.png,25
1871,024_1391.png,24
1872,024_123.png,24
1873,024_114.png,24
1874,024_3354.png,24
1875,024_2938.png,24
1876,024_3048.png,24
1877,024_3011.png,24
1878,024_2969.png,24
1879,024_1682.png,24
1880,024_1787.png,24
1881,024_1835.png,24
1882,024_2729.png,24
1883,024_1412.png,24
1884,024_5476.png,24
1885,024_5355.png,24
1886,024_5208.png,24
1887,024_480.png,24
1888,024_4708.png,24
1889,024_4560.png,24
1890,024_4547.png,24
1891,024_4366.png,24
1892,024_3449.png,24
1893,024_3447.png,24
1894,024_3438.png,24
1895,024_3841.png,24
1896,024_7036.png,24
1897,024_6500.png,24
1898,024_6513.png,24
1899,024_6422.png,24
1900,024_6049.png,24
1901,024_6337.png,24
1902,024_554.png,24
1903,024_57.png,24
1904,024_7366.png,24
1905,024_9166.png,24
1906,024_898.png,24
1907,024_7497.png,24
1908,024_8663.png,24
1909,024_8781.png,24
1910,024_835.png,24
1911,024_7691.png,24
1912,024_7771.png,24
1913,024_7782.png,24
1914,024_9359.png,24
1915,024_9384.png,24
1916,023_3924.png,23
1917,023_298.png,23
1918,023_3496.png,23
1919,023_3134.png,23
1920,023_1902.png,23
1921,023_1083.png,23
1922,023_1673.png,23
1923,023_6748.png,23
1924,023_6171.png,23
1925,023_6098.png,23
1926,023_4895.png,23
1927,023_5285.png,23
1928,023_4594.png,23
1929,023_4220.png,23
1930,023_8638.png,23
1931,023_8641.png,23
1932,023_8871.png,23
1933,023_8270.png,23
1934,023_7096.png,23
1935,022_2867.png,22
1936,022_2339.png,22
1937,022_2240.png,22
1938,022_2570.png,22
1939,022_1551.png,22
1940,022_1524.png,22
1941,022_1454.png,22
1942,022_1706.png,22
1943,022_1840.png,22
1944,022_1341.png,22
1945,022_1591.png,22
1946,022_572.png,22
1947,022_4742.png,22
1948,022_4814.png,22
1949,022_5128.png,22
1950,022_4613.png,22
1951,022_4967.png,22
1952,022_4002.png,22
1953,022_3668.png,22
1954,022_8383.png,22
1955,022_5448.png,22
1956,022_8249.png,22
1957,022_8089.png,22
1958,022_8006.png,22
1959,022_6872.png,22
1960,022_6633.png,22
1961,022_6137.png,22
1962,022_6949.png,22
1963,022_7077.png,22
1964,022_5882.png,22
1965,022_5682.png,22
1966,022_522.png,22
1967,022_9.png,22
1968,022_9264.png,22
1969,022_8937.png,22
1970,031_2560.png,31
1971,031_2396.png,31
1972,031_223.png,31
1973,031_1841.png,31
1974,031_1844.png,31
1975,031_2174.png,31
1976,031_1941.png,31
1977,031_1484.png,31
1978,031_1447.png,31
1979,031_1416.png,31
1980,031_5351.png,31
1981,031_3298.png,31
1982,031_2632.png,31
1983,031_2763.png,31
1984,031_3557.png,31
1985,031_3681.png,31
1986,031_7445.png,31
1987,031_7890.png,31
1988,031_7120.png,31
1989,031_6268.png,31
1990,031_6839.png,31
1991,031_6538.png,31
1992,031_5718.png,31
1993,031_3732.png,31
1994,031_6686.png,31
1995,031_8722.png,31
1996,031_8488.png,31
1997,031_8649.png,31
1998,031_9363.png,31
1999,031_9668.png,31
2000,001_7765.png,1
2001,001_7760.png,1
2002,001_7750.png,1
2003,001_7723.png,1
2004,001_7726.png,1
2005,001_7706.png,1
2006,001_7571.png,1
2007,001_776.png,1
2008,001_7614.png,1
2009,001_7687.png,1
2010,001_7702.png,1
2011,001_7677.png,1
2012,001_7713.png,1
2013,001_7502.png,1
2014,001_7602.png,1
2015,001_7589.png,1
2016,001_7661.png,1
2017,001_7651.png,1
2018,001_7646.png,1
2019,001_7759.png,1
2020,001_7610.png,1
2021,001_7645.png,1
2022,001_7619.png,1
2023,001_7671.png,1
2024,001_7555.png,1
2025,001_7570.png,1
2026,001_7604.png,1
2027,001_7549.png,1
2028,001_7510.png,1
2029,001_7504.png,1
2030,001_7533.png,1
2031,001_7537.png,1
2032,001_7700.png,1
2033,001_7704.png,1
2034,001_8140.png,1
2035,001_8103.png,1
2036,001_8104.png,1
2037,001_8108.png,1
2038,001_8125.png,1
2039,001_8129.png,1
2040,001_8091.png,1
2041,001_8088.png,1
2042,001_8090.png,1
2043,001_8123.png,1
2044,001_8119.png,1
2045,001_8077.png,1
2046,001_8067.png,1
2047,001_8071.png,1
2048,001_7829.png,1
2049,001_7862.png,1
2050,001_7843.png,1
2051,001_7870.png,1
2052,001_7923.png,1
2053,001_8036.png,1
2054,001_7943.png,1
2055,001_7944.png,1
2056,001_80.png,1
2057,001_7991.png,1
2058,001_8017.png,1
2059,001_7997.png,1
2060,001_7904.png,1
2061,001_8052.png,1
2062,001_8050.png,1
2063,001_7928.png,1
2064,001_7908.png,1
2065,001_8040.png,1
2066,001_7880.png,1
2067,001_7797.png,1
2068,001_7825.png,1
2069,001_7875.png,1
2070,001_794.png,1
2071,001_8045.png,1
2072,001_7925.png,1
2073,001_790.png,1
2074,001_8358.png,1
2075,001_8376.png,1
2076,001_8380.png,1
2077,001_8367.png,1
2078,001_8400.png,1
2079,001_8393.png,1
2080,001_8392.png,1
2081,001_8381.png,1
2082,001_8351.png,1
2083,001_8344.png,1
2084,001_8382.png,1
2085,001_8350.png,1
2086,001_8343.png,1
2087,001_834.png,1
2088,001_8320.png,1
2089,001_8295.png,1
2090,001_83.png,1
2091,001_8290.png,1
2092,001_8335.png,1
2093,001_8237.png,1
2094,001_8197.png,1
2095,001_8153.png,1
2096,001_8205.png,1
2097,001_8238.png,1
2098,001_8178.png,1
2099,001_8321.png,1
2100,001_8219.png,1
2101,001_8186.png,1
2102,001_820.png,1
2103,001_8211.png,1
2104,001_8229.png,1
2105,001_8265.png,1
2106,001_8230.png,1
2107,001_8142.png,1
2108,001_8274.png,1
2109,001_8312.png,1
2110,001_831.png,1
2111,001_8286.png,1
2112,001_8269.png,1
2113,001_8268.png,1
2114,001_8617.png,1
2115,001_8602.png,1
2116,001_8674.png,1
2117,001_8679.png,1
2118,001_8593.png,1
2119,001_8579.png,1
2120,001_8669.png,1
2121,001_866.png,1
2122,001_8577.png,1
2123,001_8591.png,1
2124,001_851.png,1
2125,001_8528.png,1
2126,001_8464.png,1
2127,001_847.png,1
2128,001_8484.png,1
2129,001_848.png,1
2130,001_8516.png,1
2131,001_8568.png,1
2132,001_846.png,1
2133,001_8468.png,1
2134,001_8492.png,1
2135,001_852.png,1
2136,001_8511.png,1
2137,001_8503.png,1
2138,001_8521.png,1
2139,001_8565.png,1
2140,001_8534.png,1
2141,001_8547.png,1
2142,001_8539.png,1
2143,001_8540.png,1
2144,001_8414.png,1
2145,001_8422.png,1
2146,001_8559.png,1
2147,001_8554.png,1
2148,001_8548.png,1
2149,001_8530.png,1
2150,001_8551.png,1
2151,001_8940.png,1
2152,001_8935.png,1
2153,001_8943.png,1
2154,001_8950.png,1
2155,001_8979.png,1
2156,001_8971.png,1
2157,001_8928.png,1
2158,001_8902.png,1
2159,001_8967.png,1
2160,001_8964.png,1
2161,001_8908.png,1
2162,001_8882.png,1
2163,001_8687.png,1
2164,001_8791.png,1
2165,001_8801.png,1
2166,001_8812.png,1
2167,001_88.png,1
2168,001_8732.png,1
2169,001_875.png,1
2170,001_8692.png,1
2171,001_8700.png,1
2172,001_8730.png,1
2173,001_8742.png,1
2174,001_8689.png,1
2175,001_8872.png,1
2176,001_8860.png,1
2177,001_8696.png,1
2178,001_8747.png,1
2179,001_8724.png,1
2180,001_8712.png,1
2181,001_8710.png,1
2182,001_8717.png,1
2183,001_8731.png,1
2184,001_8813.png,1
2185,001_8784.png,1
2186,001_8765.png,1
2187,001_886.png,1
2188,001_8822.png,1
2189,001_8779.png,1
2190,001_927.png,1
2191,001_9267.png,1
2192,001_9281.png,1
2193,001_9261.png,1
2194,001_9320.png,1
2195,001_9314.png,1
2196,001_9240.png,1
2197,001_9230.png,1
2198,001_9295.png,1
2199,001_9238.png,1
2200,001_9227.png,1
2201,001_9206.png,1
2202,001_901.png,1
2203,001_8990.png,1
2204,001_9051.png,1
2205,001_9081.png,1
2206,001_9154.png,1
2207,001_9147.png,1
2208,001_9071.png,1
2209,001_9063.png,1
2210,001_8989.png,1
2211,001_9082.png,1
2212,001_908.png,1
2213,001_8992.png,1
2214,001_9047.png,1
2215,001_9028.png,1
2216,001_9014.png,1
2217,001_8982.png,1
2218,001_9156.png,1
2219,001_9110.png,1
2220,001_9087.png,1
2221,001_9205.png,1
2222,001_9097.png,1
2223,001_9604.png,1
2224,001_9575.png,1
2225,001_9585.png,1
2226,001_9644.png,1
2227,001_9634.png,1
2228,001_9631.png,1
2229,001_9616.png,1
2230,001_9542.png,1
2231,001_9529.png,1
2232,001_9622.png,1
2233,001_9629.png,1
2234,001_9541.png,1
2235,001_9522.png,1
2236,001_9474.png,1
2237,001_9456.png,1
2238,001_9481.png,1
2239,001_9457.png,1
2240,001_9514.png,1
2241,001_9505.png,1
2242,001_9373.png,1
2243,001_9387.png,1
2244,001_9365.png,1
2245,001_9486.png,1
2246,001_9446.png,1
2247,001_9437.png,1
2248,001_9379.png,1
2249,001_9383.png,1
2250,001_9378.png,1
2251,001_9377.png,1
2252,001_9390.png,1
2253,001_9391.png,1
2254,004_9072.png,4
2255,004_8152.png,4
2256,004_8366.png,4
2257,004_8870.png,4
2258,004_900.png,4
2259,004_8756.png,4
2260,004_7916.png,4
2261,004_8395.png,4
2262,004_9608.png,4
2263,004_8640.png,4
2264,004_8130.png,4
2265,004_9084.png,4
2266,004_7911.png,4
2267,004_8106.png,4
2268,004_9126.png,4
2269,004_7637.png,4
2270,004_8436.png,4
2271,004_7718.png,4
2272,004_9121.png,4
2273,004_9095.png,4
2274,004_8906.png,4
2275,004_8934.png,4
2276,004_8913.png,4
2277,004_7300.png,4
2278,004_7306.png,4
2279,004_7413.png,4
2280,004_6880.png,4
2281,004_688.png,4
2282,004_690.png,4
2283,004_6727.png,4
2284,004_7281.png,4
2285,004_7193.png,4
2286,004_6835.png,4
2287,004_7536.png,4
2288,004_7095.png,4
2289,004_6613.png,4
2290,004_6599.png,4
2291,004_7016.png,4
2292,004_664.png,4
2293,004_672.png,4
2294,004_6947.png,4
2295,004_6877.png,4
2296,004_6851.png,4
2297,004_7122.png,4
2298,004_6737.png,4
2299,004_6494.png,4
2300,004_7634.png,4
2301,004_7573.png,4
2302,004_7018.png,4
2303,004_7119.png,4
2304,004_7023.png,4
2305,004_970.png,4
2306,004_9559.png,4
2307,004_9484.png,4
2308,004_941.png,4
2309,004_9683.png,4
2310,004_9775.png,4
2311,003_1043.png,3
2312,003_1095.png,3
2313,003_2104.png,3
2314,003_2091.png,3
2315,003_1965.png,3
2316,003_1946.png,3
2317,003_1987.png,3
2318,003_2087.png,3
2319,003_1990.png,3
2320,003_1809.png,3
2321,003_207.png,3
2322,003_2045.png,3
2323,003_1703.png,3
2324,003_1480.png,3
2325,003_1488.png,3
2326,003_1485.png,3
2327,003_1431.png,3
2328,003_1626.png,3
2329,003_15.png,3
2330,003_1374.png,3
2331,003_1327.png,3
2332,003_1531.png,3
2333,003_1316.png,3
2334,003_1274.png,3
2335,003_1027.png,3
2336,003_1177.png,3
2337,003_1253.png,3
2338,003_1031.png,3
2339,003_3396.png,3
2340,003_3105.png,3
2341,003_3128.png,3
2342,003_338.png,3
2343,003_3297.png,3
2344,003_3248.png,3
2345,003_3182.png,3
2346,003_2987.png,3
2347,003_2960.png,3
2348,003_3214.png,3
2349,003_2956.png,3
2350,003_2963.png,3
2351,003_234.png,3
2352,003_2793.png,3
2353,003_2529.png,3
2354,003_2796.png,3
2355,003_2326.png,3
2356,003_2762.png,3
2357,003_2677.png,3
2358,003_2522.png,3
2359,003_2747.png,3
2360,003_2459.png,3
2361,003_273.png,3
2362,003_2709.png,3
2363,003_2230.png,3
2364,003_2253.png,3
2365,003_2415.png,3
2366,003_2408.png,3
2367,003_2321.png,3
2368,003_2132.png,3
2369,003_2374.png,3
2370,003_4410.png,3
2371,003_4379.png,3
2372,003_4624.png,3
2373,003_4597.png,3
2374,003_4519.png,3
2375,003_4316.png,3
2376,003_4177.png,3
2377,003_4553.png,3
2378,003_4161.png,3
2379,003_4019.png,3
2380,003_4008.png,3
2381,003_4060.png,3
2382,003_4081.png,3
2383,003_4133.png,3
2384,003_4090.png,3
2385,003_3882.png,3
2386,003_3830.png,3
2387,003_4132.png,3
2388,003_3862.png,3
2389,003_3720.png,3
2390,003_3481.png,3
2391,003_3514.png,3
2392,003_3492.png,3
2393,003_3640.png,3
2394,003_3639.png,3
2395,003_3536.png,3
2396,003_3426.png,3
2397,003_3422.png,3
2398,003_3615.png,3
2399,003_3404.png,3
2400,003_6003.png,3
2401,003_597.png,3
2402,003_5963.png,3
2403,003_5921.png,3
2404,003_5758.png,3
2405,003_5687.png,3
2406,003_5635.png,3
2407,003_5633.png,3
2408,003_5228.png,3
2409,003_5199.png,3
2410,003_5482.png,3
2411,003_538.png,3
2412,003_527.png,3
2413,003_5154.png,3
2414,003_5111.png,3
2415,003_5322.png,3
2416,003_5086.png,3
2417,003_508.png,3
2418,003_4883.png,3
2419,003_4948.png,3
2420,003_5074.png,3
2421,003_5039.png,3
2422,003_4964.png,3
2423,003_4714.png,3
2424,003_5033.png,3
2425,003_478.png,3
2426,003_7273.png,3
2427,003_7054.png,3
2428,003_7007.png,3
2429,003_7037.png,3
2430,003_7203.png,3
2431,003_7110.png,3
2432,003_7068.png,3
2433,003_6972.png,3
2434,003_6919.png,3
2435,003_7073.png,3
2436,003_6910.png,3
2437,003_6970.png,3
2438,003_6859.png,3
2439,003_6641.png,3
2440,003_6616.png,3
2441,003_6716.png,3
2442,003_678.png,3
2443,003_6728.png,3
2444,003_6540.png,3
2445,003_640.png,3
2446,003_6779.png,3
2447,003_5790.png,3
2448,003_5891.png,3
2449,003_584.png,3
2450,003_6038.png,3
2451,003_6271.png,3
2452,003_6302.png,3
2453,003_627.png,3
2454,003_614.png,3
2455,003_631.png,3
2456,003_6321.png,3
2457,003_6202.png,3
2458,003_6247.png,3
2459,003_6232.png,3
2460,003_6384.png,3
2461,003_8442.png,3
2462,003_8478.png,3
2463,003_8195.png,3
2464,003_8207.png,3
2465,003_8437.png,3
2466,003_8365.png,3
2467,003_8121.png,3
2468,003_84.png,3
2469,003_840.png,3
2470,003_8000.png,3
2471,003_8073.png,3
2472,003_7809.png,3
2473,003_7833.png,3
2474,003_7805.png,3
2475,003_7901.png,3
2476,003_7834.png,3
2477,003_7763.png,3
2478,003_7851.png,3
2479,003_7740.png,3
2480,003_7655.png,3
2481,003_7673.png,3
2482,003_7500.png,3
2483,003_7424.png,3
2484,003_7355.png,3
2485,003_7399.png,3
2486,003_7598.png,3
2487,003_7639.png,3
2488,003_7522.png,3
2489,003_7343.png,3
2490,003_7299.png,3
2491,003_7557.png,3
2492,003_7321.png,3
2493,003_7297.png,3
2494,003_9312.png,3
2495,003_9280.png,3
2496,003_9225.png,3
2497,003_9296.png,3
2498,003_9547.png,3
2499,003_9184.png,3
2500,003_9313.png,3
2501,003_9119.png,3
2502,003_9048.png,3
2503,003_9183.png,3
2504,003_8825.png,3
2505,003_8709.png,3
2506,003_8758.png,3
2507,003_8744.png,3
2508,003_9327.png,3
2509,003_8683.png,3
2510,003_8532.png,3
2511,003_8900.png,3
2512,003_8485.png,3
2513,003_9506.png,3
2514,003_8965.png,3
2515,003_9528.png,3
2516,003_9076.png,3
2517,003_9723.png,3
2518,003_9688.png,3
2519,003_9637.png,3
2520,003_9686.png,3
2521,003_9183 (1).png,3
2522,003_9225 (1).png,3
2523,003_9184 (1).png,3
2524,003_9280 (1).png,3
2525,003_956.png,3
2526,003_9613.png,3
2527,003_9119 (1).png,3
2528,003_9296 (1).png,3
2529,003_9313 (1).png,3
2530,003_9547 (1).png,3
2531,003_9312 (1).png,3
2532,003_9556.png,3
2533,003_9764.png,3
2534,003_9759.png,3
2535,003_993.png,3
2536,002_1208.png,2
2537,002_1206.png,2
2538,002_1214.png,2
2539,002_1199.png,2
2540,002_1384.png,2
2541,002_136.png,2
2542,002_1246.png,2
2543,002_1178.png,2
2544,002_1311.png,2
2545,002_1317.png,2
2546,002_1190.png,2
2547,002_1157.png,2
2548,002_1168.png,2
2549,002_1060.png,2
2550,002_1003.png,2
2551,002_1036.png,2
2552,002_1136.png,2
2553,002_1072.png,2
2554,002_1074.png,2
2555,002_1113.png,2
2556,002_2275.png,2
2557,002_2165.png,2
2558,002_2101.png,2
2559,002_2092.png,2
2560,002_2274.png,2
2561,002_2206.png,2
2562,002_2096.png,2
2563,002_2075.png,2
2564,002_180.png,2
2565,002_1845.png,2
2566,002_1889.png,2
2567,002_1847.png,2
2568,002_2038.png,2
2569,002_2070.png,2
2570,002_1917.png,2
2571,002_1791.png,2
2572,002_1765.png,2
2573,002_1919.png,2
2574,002_1925.png,2
2575,002_179.png,2
2576,002_1587.png,2
2577,002_1546.png,2
2578,002_1516.png,2
2579,002_1748.png,2
2580,002_1466.png,2
2581,002_1429.png,2
2582,002_1690.png,2
2583,002_1600.png,2
2584,002_1714.png,2
2585,002_1625.png,2
2586,002_1702.png,2
2587,002_1567.png,2
2588,002_158.png,2
2589,002_157.png,2
2590,002_1565.png,2
2591,002_293.png,2
2592,002_2935.png,2
2593,002_2857.png,2
2594,002_2745.png,2
2595,002_2692.png,2
2596,002_2885.png,2
2597,002_2927.png,2
2598,002_2721.png,2
2599,002_2689.png,2
2600,002_2540.png,2
2601,002_2595.png,2
2602,002_2670.png,2
2603,002_2652.png,2
2604,002_2614.png,2
2605,002_2535.png,2
2606,002_2533.png,2
2607,002_2627.png,2
2608,002_2623.png,2
2609,002_2532.png,2
2610,002_2521.png,2
2611,002_2146.png,2
2612,002_216.png,2
2613,002_2130.png,2
2614,002_2336.png,2
2615,002_2364.png,2
2616,002_2387.png,2
2617,002_2440.png,2
2618,002_2324.png,2
2619,002_25.png,2
2620,002_2310.png,2
2621,002_2432.png,2
2622,002_2395.png,2
2623,002_2299.png,2
2624,002_2451.png,2
2625,002_2491.png,2
2626,002_2493.png,2
2627,002_3776.png,2
2628,002_378.png,2
2629,002_3606.png,2
2630,002_3765.png,2
2631,002_3718.png,2
2632,002_358.png,2
2633,002_3428.png,2
2634,002_3483.png,2
2635,002_3324.png,2
2636,002_3262.png,2
2637,002_325.png,2
2638,002_3301.png,2
2639,002_3366.png,2
2640,002_3394.png,2
2641,002_3339.png,2
2642,002_3206.png,2
2643,002_3345.png,2
2644,002_3348.png,2
2645,002_3210.png,2
2646,002_3191.png,2
2647,002_3133.png,2
2648,002_2986.png,2
2649,002_2946.png,2
2650,002_3145.png,2
2651,002_2995.png,2
2652,002_3088.png,2
2653,002_3051.png,2
2654,002_2993.png,2
2655,002_3156.png,2
2656,002_2954.png,2
2657,002_2972.png,2
2658,002_3131.png,2
2659,002_2988.png,2
2660,002_2755.png,2
2661,002_2794.png,2
2662,002_2746.png,2
2663,002_315.png,2
2664,002_456.png,2
2665,002_4356.png,2
2666,002_4497.png,2
2667,002_4299.png,2
2668,002_4556.png,2
2669,002_4529.png,2
2670,002_4307.png,2
2671,002_4289.png,2
2672,002_4293.png,2
2673,002_4207.png,2
2674,002_4195.png,2
2675,002_4277.png,2
2676,002_4261.png,2
2677,002_4168.png,2
2678,002_4049.png,2
2679,002_4222.png,2
2680,002_4228.png,2
2681,002_4110.png,2
2682,002_4046.png,2
2683,002_3705.png,2
2684,002_3696.png,2
2685,002_4042.png,2
2686,002_3818.png,2
2687,002_3793.png,2
2688,002_3786.png,2
2689,002_3964.png,2
2690,002_3975.png,2
2691,002_3865.png,2
2692,002_3858.png,2
2693,002_3900.png,2
2694,002_4024.png,2
2695,002_3959.png,2
2696,002_3843.png,2
2697,002_3814.png,2
2698,002_5281.png,2
2699,002_5271.png,2
2700,002_5183.png,2
2701,002_5163.png,2
2702,002_5311.png,2
2703,002_5168.png,2
2704,002_5136.png,2
2705,002_5112.png,2
2706,002_4870.png,2
2707,002_4906.png,2
2708,002_4953.png,2
2709,002_4938.png,2
2710,002_4956.png,2
2711,002_4793.png,2
2712,002_4998.png,2
2713,002_4987.png,2
2714,002_4980.png,2
2715,002_4467.png,2
2716,002_4416.png,2
2717,002_4491.png,2
2718,002_4758.png,2
2719,002_4589.png,2
2720,002_4586.png,2
2721,002_4568.png,2
2722,002_4782.png,2
2723,002_4566.png,2
2724,002_4690.png,2
2725,002_4628.png,2
2726,002_4600.png,2
2727,002_4751.png,2
2728,002_4726.png,2
2729,002_460.png,2
2730,002_4588.png,2
2731,002_4729.png,2
2732,002_5756.png,2
2733,002_575.png,2
2734,002_5564.png,2
2735,002_5563.png,2
2736,002_5554.png,2
2737,002_5632.png,2
2738,002_5583.png,2
2739,002_5533.png,2
2740,002_5523.png,2
2741,002_5626.png,2
2742,002_562.png,2
2743,002_5522.png,2
2744,002_5507.png,2
2745,002_521.png,2
2746,002_5269.png,2
2747,002_5249.png,2
2748,002_5221.png,2
2749,002_5320.png,2
2750,002_5356.png,2
2751,002_5333.png,2
2752,002_5343.png,2
2753,002_5406.png,2
2754,002_5436.png,2
2755,002_5416.png,2
2756,002_5491.png,2
2757,002_5496.png,2
2758,002_5449.png,2
2759,002_5382.png,2
2760,002_5370.png,2
2761,002_5484.png,2
2762,002_5379.png,2
2763,002_6544.png,2
2764,002_6548.png,2
2765,002_6604.png,2
2766,002_6542.png,2
2767,002_6528.png,2
2768,002_6435.png,2
2769,002_6462.png,2
2770,002_6389.png,2
2771,002_6519.png,2
2772,002_6487.png,2
2773,002_6358.png,2
2774,002_6490.png,2
2775,002_6348.png,2
2776,002_636.png,2
2777,002_6048.png,2
2778,002_6091.png,2
2779,002_6083.png,2
2780,002_6050.png,2
2781,002_6262.png,2
2782,002_6185.png,2
2783,002_6162.png,2
2784,002_6037.png,2
2785,002_6017.png,2
2786,002_6175.png,2
2787,002_5817.png,2
2788,002_5818.png,2
2789,002_5924.png,2
2790,002_6168.png,2
2791,002_5942.png,2
2792,002_5941.png,2
2793,002_5940.png,2
2794,002_6026.png,2
2795,002_5968.png,2
2796,002_5984.png,2
2797,002_5888.png,2
2798,002_5847.png,2
2799,002_5860.png,2
2800,002_5887.png,2
2801,002_7249.png,2
2802,002_7240.png,2
2803,002_7164.png,2
2804,002_7091.png,2
2805,002_6929.png,2
2806,002_6899.png,2
2807,002_6971.png,2
2808,002_6868.png,2
2809,002_708.png,2
2810,002_7057.png,2
2811,002_6976.png,2
2812,002_6858.png,2
2813,002_6824.png,2
2814,002_7070.png,2
2815,002_6810.png,2
2816,002_7044.png,2
2817,002_7022.png,2
2818,002_6767.png,2
2819,002_670.png,2
2820,002_667.png,2
2821,002_6678.png,2
2822,002_6611.png,2
2823,002_674.png,2
2824,002_6669.png,2
2825,002_6657.png,2
2826,002_6749.png,2
2827,002_6557.png,2
2828,002_6601.png,2
2829,002_6547.png,2
2830,002_666.png,2
2831,002_6741.png,2
2832,002_6655.png,2
2833,002_6638.png,2
2834,002_6565.png,2
2835,002_6583.png,2
2836,002_657.png,2
2837,002_8001.png,2
2838,002_7990.png,2
2839,002_7924.png,2
2840,002_7295.png,2
2841,002_752.png,2
2842,002_762.png,2
2843,002_7627.png,2
2844,002_7871.png,2
2845,002_759.png,2
2846,002_7324.png,2
2847,002_766.png,2
2848,002_7403.png,2
2849,002_7507.png,2
2850,002_7508.png,2
2851,002_7410.png,2
2852,002_7892.png,2
2853,002_7711.png,2
2854,002_7845.png,2
2855,002_7641.png,2
2856,002_7920.png,2
2857,002_7180.png,2
2858,002_7185.png,2
2859,002_7099.png,2
2860,002_7239.png,2
2861,002_7182.png,2
2862,002_7225.png,2
2863,002_7587.png,2
2864,002_7351.png,2
2865,002_7296.png,2
2866,002_7910.png,2
2867,002_7286.png,2
2868,002_7789.png,2
2869,002_7758.png,2
2870,002_7714.png,2
2871,002_7772.png,2
2872,002_7905.png,2
2873,002_7255.png,2
2874,002_7271.png,2
2875,002_8994.png,2
2876,002_8976.png,2
2877,002_8896.png,2
2878,002_8863.png,2
2879,002_8849.png,2
2880,002_8704.png,2
2881,002_8648.png,2
2882,002_8667.png,2
2883,002_8618.png,2
2884,002_8847.png,2
2885,002_8834.png,2
2886,002_8715.png,2
2887,002_8552.png,2
2888,002_8519.png,2
2889,002_8817.png,2
2890,002_8527.png,2
2891,002_841.png,2
2892,002_8500.png,2
2893,002_829.png,2
2894,002_826.png,2
2895,002_8271.png,2
2896,002_8275.png,2
2897,002_8347.png,2
2898,002_8389.png,2
2899,002_8298.png,2
2900,002_8221.png,2
2901,002_8162.png,2
2902,002_8308.png,2
2903,002_830.png,2
2904,002_8182.png,2
2905,002_8147.png,2
2906,002_8014.png,2
2907,002_803.png,2
2908,002_8004.png,2
2909,002_8110.png,2
2910,002_9681.png,2
2911,002_9638.png,2
2912,002_9597.png,2
2913,002_9443.png,2
2914,002_9493.png,2
2915,002_9511.png,2
2916,002_9433.png,2
2917,002_9587.png,2
2918,002_9520.png,2
2919,002_934.png,2
2920,002_9299.png,2
2921,002_9552.png,2
2922,002_955.png,2
2923,002_9339.png,2
2924,002_9263.png,2
2925,002_9145.png,2
2926,002_9139.png,2
2927,002_9150.png,2
2928,002_9016.png,2
2929,002_8905.png,2
2930,002_8955.png,2
2931,002_8877.png,2
2932,002_9001.png,2
2933,002_923.png,2
2934,002_9231.png,2
2935,002_9212.png,2
2936,002_9106.png,2
2937,002_9216.png,2
2938,002_9112.png,2
2939,002_9035.png,2
2940,002_9075.png,2
2941,002_8923.png,2
2942,002_8953.png,2
2943,002_8930.png,2
2944,002_8926.png,2
2945,002_9760.png,2
2946,002_98.png,2
2947,002_9720.png,2
2948,002_966.png,2
2949,011_7414.png,11
2950,011_6870.png,11
2951,011_6019.png,11
2952,011_5008.png,11
2953,011_4912.png,11
2954,011_5090.png,11
2955,011_5754.png,11
2956,011_4425.png,11
2957,011_317.png,11
2958,011_3108.png,11
2959,011_1677.png,11
2960,011_1544.png,11
2961,011_3600.png,11
2962,011_1679.png,11
2963,011_8695.png,11
2964,011_957.png,11
2965,011_9516.png,11
2966,011_902.png,11
2967,011_92.png,11
2968,011_6953.png,11
2969,001_146.png,1
2970,001_1440.png,1
2971,001_1450.png,1
2972,001_1493.png,1
2973,001_1501.png,1
2974,001_1545.png,1
2975,001_1532.png,1
2976,001_1523.png,1
2977,001_1430.png,1
2978,001_1438.png,1
2979,001_1425.png,1
2980,001_1503.png,1
2981,001_1018.png,1
2982,001_1373.png,1
2983,001_1404.png,1
2984,001_1371.png,1
2985,001_1422.png,1
2986,001_1419.png,1
2987,001_1417.png,1
2988,001_1405.png,1
2989,001_1361.png,1
2990,001_1354.png,1
2991,001_110.png,1
2992,001_1105.png,1
2993,001_1000.png,1
2994,001_1030.png,1
2995,001_1281.png,1
2996,001_1075.png,1
2997,001_1068.png,1
2998,001_1077.png,1
2999,001_1062.png,1
3000,057_3028.png,57
3001,057_5063.png,57
3002,057_3759.png,57
3003,057_1846.png,57
3004,057_2412.png,57
3005,057_1549.png,57
3006,057_2579.png,57
3007,057_2732.png,57
3008,057_3157.png,57
3009,057_1277.png,57
3010,057_9558.png,57
3011,057_7350.png,57
3012,057_7178.png,57
3013,057_8075.png,57
3014,057_6579.png,57
3015,057_9260.png,57
3016,057_9208.png,57
3017,057_8810.png,57
3018,057_9163.png,57
3019,057_6242.png,57
3020,057_6759.png,57
3021,057_6497.png,57
3022,057_5568.png,57
3023,057_6700.png,57
3024,058_1886.png,58
3025,058_1104.png,58
3026,058_1709.png,58
3027,058_5080.png,58
3028,058_4797.png,58
3029,058_5463.png,58
3030,058_5276.png,58
3031,058_3846.png,58
3032,058_2337.png,58
3033,058_3244.png,58
3034,058_286.png,58
3035,058_2932.png,58
3036,058_4354.png,58
3037,058_350.png,58
3038,058_3397.png,58
3039,058_222.png,58
3040,058_2263.png,58
3041,058_2288.png,58
3042,058_2657.png,58
3043,058_7953.png,58
3044,058_7712.png,58
3045,058_7524.png,58
3046,058_7447.png,58
3047,058_695.png,58
3048,058_600.png,58
3049,058_6138.png,58
3050,058_6800.png,58
3051,058_5836.png,58
3052,058_5831.png,58
3053,058_5743.png,58
3054,058_8250.png,58
3055,058_8396.png,58
3056,058_7194.png,58
3057,058_7417.png,58
3058,058_737.png,58
3059,058_865.png,58
3060,058_9239.png,58
3061,058_906.png,58
3062,058_8642.png,58
3063,062_4819.png,62
3064,062_504.png,62
3065,062_4401.png,62
3066,062_4107.png,62
3067,062_4422.png,62
3068,062_3867.png,62
3069,062_1035.png,62
3070,062_2179.png,62
3071,062_2111.png,62
3072,062_1684.png,62
3073,062_1411.png,62
3074,062_1937.png,62
3075,062_2941.png,62
3076,062_3736.png,62
3077,062_2900.png,62
3078,062_7897.png,62
3079,062_8319.png,62
3080,062_7938.png,62
3081,062_8778.png,62
3082,062_8887.png,62
3083,062_8595.png,62
3084,062_8693.png,62
3085,062_7140.png,62
3086,062_655.png,62
3087,062_7682.png,62
3088,062_6546.png,62
3089,062_6433.png,62
3090,062_6299.png,62
3091,062_7147.png,62
3092,062_4280.png,62
3093,062_4326.png,62
3094,062_8574.png,62
3095,062_7624.png,62
3096,061_7972.png,61
3097,061_7234.png,61
3098,061_3267.png,61
3099,061_7937.png,61
3100,061_4205.png,61
3101,061_5398.png,61
3102,061_1859.png,61
3103,061_5820.png,61
3104,061_6520.png,61
3105,061_3905.png,61
3106,061_206.png,61
3107,061_2925.png,61
3108,061_3155.png,61
3109,061_1658.png,61
3110,061_6590.png,61
3111,061_5461.png,61
3112,061_6651.png,61
3113,061_8946.png,61
3114,061_8063.png,61
3115,061_8213.png,61
3116,061_8738.png,61
3117,056_2951.png,56
3118,056_2226.png,56
3119,056_1749.png,56
3120,056_2035.png,56
3121,056_1188.png,56
3122,056_2004.png,56
3123,056_2438.png,56
3124,056_2905.png,56
3125,056_2192.png,56
3126,056_109.png,56
3127,056_2974.png,56
3128,056_2171.png,56
3129,056_2785.png,56
3130,056_2508.png,56
3131,056_1433.png,56
3132,056_5479.png,56
3133,056_5483.png,56
3134,056_576.png,56
3135,056_465.png,56
3136,056_4554.png,56
3137,056_4581.png,56
3138,056_5785.png,56
3139,056_5050.png,56
3140,056_4347.png,56
3141,056_4444.png,56
3142,056_421.png,56
3143,056_5565.png,56
3144,056_3503.png,56
3145,056_5716.png,56
3146,056_5623.png,56
3147,056_5538.png,56
3148,056_528.png,56
3149,056_5070.png,56
3150,056_8504.png,56
3151,056_8612.png,56
3152,056_8766.png,56
3153,056_748.png,56
3154,056_6989.png,56
3155,056_7457.png,56
3156,056_6819.png,56
3157,056_8257.png,56
3158,056_67.png,56
3159,056_7946.png,56
3160,056_8156.png,56
3161,056_7361.png,56
3162,056_6560.png,56
3163,056_5886.png,56
3164,056_679.png,56
3165,056_5986.png,56
3166,056_6541.png,56
3167,056_8752.png,56
3168,056_8296.png,56
3169,056_8165.png,56
3170,056_984.png,56
3171,056_9221.png,56
3172,056_9315.png,56
3173,055_9190.png,55
3174,055_3794.png,55
3175,055_148.png,55
3176,055_1920.png,55
3177,055_3932.png,55
3178,055_8109.png,55
3179,055_5177.png,55
3180,055_3193.png,55
3181,055_3414.png,55
3182,055_2021.png,55
3183,055_292.png,55
3184,055_3929.png,55
3185,055_8627.png,55
3186,055_6481.png,55
3187,055_6128.png,55
3188,055_9200.png,55
3189,055_9037.png,55
3190,054_3295.png,54
3191,054_2780.png,54
3192,054_2727.png,54
3193,054_2754.png,54
3194,054_2720.png,54
3195,054_2332.png,54
3196,054_2073.png,54
3197,054_249.png,54
3198,054_2490.png,54
3199,054_1867.png,54
3200,054_160.png,54
3201,054_1320.png,54
3202,054_1179.png,54
3203,054_4678.png,54
3204,054_492.png,54
3205,054_5307.png,54
3206,054_5009.png,54
3207,054_5189.png,54
3208,054_431.png,54
3209,054_5433.png,54
3210,054_4469.png,54
3211,054_3532.png,54
3212,054_3833.png,54
3213,054_3760.png,54
3214,054_4397.png,54
3215,054_6042.png,54
3216,054_6379.png,54
3217,054_5832.png,54
3218,054_30.png,54
3219,054_5334.png,54
3220,054_6287.png,54
3221,054_6282.png,54
3222,054_6145.png,54
3223,054_8589.png,54
3224,054_8874.png,54
3225,054_7386.png,54
3226,054_7336.png,54
3227,054_8293.png,54
3228,054_8192.png,54
3229,054_7385.png,54
3230,054_9627.png,54
3231,054_7616.png,54
3232,054_7499.png,54
3233,054_8010.png,54
3234,054_8272.png,54
3235,059_5585.png,59
3236,059_9045.png,59
3237,059_912.png,59
3238,059_8098.png,59
3239,059_5198.png,59
3240,059_4769.png,59
3241,059_815.png,59
3242,059_7097.png,59
3243,059_5598.png,59
3244,059_6703.png,59
3245,059_6879.png,59
3246,059_6222.png,59
3247,059_931.png,59
3248,059_9128.png,59
3249,059_4833.png,59
3250,059_5185.png,59
3251,059_342.png,59
3252,059_2520.png,59
3253,059_1954.png,59
3254,059_2118.png,59
3255,059_173.png,59
3256,059_3202.png,59
3257,059_2897.png,59
3258,059_1303.png,59
3259,059_1396.png,59
3260,063_7142.png,63
3261,063_5686.png,63
3262,063_5336.png,63
3263,063_4145.png,63
3264,063_4377.png,63
3265,063_4158.png,63
3266,063_4085.png,63
3267,063_4538.png,63
3268,063_4029.png,63
3269,063_1195.png,63
3270,063_1581.png,63
3271,063_3730.png,63
3272,063_2710.png,63
3273,063_1968.png,63
3274,063_20.png,63
3275,063_8929.png,63
3276,063_8820.png,63
3277,063_7320.png,63
3278,063_6693.png,63
3279,063_63.png,63
3280,064_1272.png,64
3281,064_2437.png,64
3282,064_5339.png,64
3283,064_1734.png,64
3284,064_2124.png,64
3285,064_1272 (1).png,64
3286,064_4052.png,64
3287,064_2378.png,64
3288,064_698.png,64
3289,064_2929.png,64
3290,064_5576.png,64
3291,064_8244.png,64
3292,064_9219.png,64
3293,074_821.png,74
3294,074_7894.png,74
3295,074_8601.png,74
3296,074_9740.png,74
3297,074_3361.png,74
3298,074_2457.png,74
3299,070_1541.png,70
3300,070_1481.png,70
3301,070_1286.png,70
3302,070_1048.png,70
3303,070_7877.png,70
3304,070_8133.png,70
3305,070_646.png,70
3306,070_7298.png,70
3307,070_5498.png,70
3308,070_5178.png,70
3309,070_4570.png,70
3310,070_4667.png,70
3311,070_3299.png,70
3312,070_3368.png,70
3313,070_1536.png,70
3314,070_2930.png,70
3315,070_8772.png,70
3316,070_961.png,70
3317,070_9477.png,70
3318,070_9659.png,70
3319,070_833.png,70
3320,070_8139.png,70
3321,071_8074.png,71
3322,071_8273.png,71
3323,071_5660.png,71
3324,071_4621.png,71
3325,071_8278.png,71
3326,071_3978.png,71
3327,071_6105.png,71
3328,071_726.png,71
3329,071_139.png,71
3330,071_3151.png,71
3331,071_3952.png,71
3332,071_942.png,71
3333,071_8397.png,71
3334,071_9319.png,71
3335,065_4185.png,65
3336,065_3609.png,65
3337,065_3546.png,65
3338,065_3548.png,65
3339,065_4151.png,65
3340,065_4075.png,65
3341,065_4104.png,65
3342,065_3317.png,65
3343,065_3412.png,65
3344,065_2904.png,65
3345,065_2716.png,65
3346,065_2731.png,65
3347,001_1681.png,1
3348,001_1695.png,1
3349,001_1740.png,1
3350,001_1724.png,1
3351,001_1722.png,1
3352,001_1700.png,1
3353,001_166.png,1
3354,001_1649.png,1
3355,001_1648.png,1
3356,001_1657.png,1
3357,001_1718.png,1
3358,001_1647.png,1
3359,001_1601.png,1
3360,001_16.png,1
3361,001_1609.png,1
3362,001_1598.png,1
3363,001_161.png,1
3364,001_1578.png,1
3365,001_1573.png,1
3366,001_1639.png,1
3367,001_1629.png,1
3368,001_1624.png,1
3369,001_1570.png,1
3370,001_1615.png,1
3371,001_2050.png,1
3372,001_2057.png,1
3373,001_2072.png,1
3374,001_2071.png,1
3375,001_2098.png,1
3376,001_2097.png,1
3377,001_2042.png,1
3378,001_2036.png,1
3379,001_2080.png,1
3380,001_2090.png,1
3381,001_2026.png,1
3382,001_1992.png,1
3383,001_1982.png,1
3384,001_1980.png,1
3385,001_2024.png,1
3386,001_2025.png,1
3387,001_1994.png,1
3388,001_1972.png,1
3389,001_1963.png,1
3390,001_1947.png,1
3391,001_200.png,1
3392,001_2022.png,1
3393,001_196.png,1
3394,001_1944.png,1
3395,001_1945.png,1
3396,001_1906.png,1
3397,001_1916.png,1
3398,001_1912.png,1
3399,001_1905.png,1
3400,001_1934.png,1
3401,001_194.png,1
3402,001_1927.png,1
3403,001_1903.png,1
3404,001_190.png,1
3405,001_1871.png,1
3406,001_1870.png,1
3407,001_1900.png,1
3408,001_2402.png,1
3409,001_2401.png,1
3410,001_2304.png,1
3411,001_2298.png,1
3412,001_2404.png,1
3413,001_2294.png,1
3414,001_2302.png,1
3415,001_2293.png,1
3416,001_229.png,1
3417,001_2220.png,1
3418,001_2244.png,1
3419,001_2291.png,1
3420,001_2271.png,1
3421,001_2255.png,1
3422,001_2213.png,1
3423,001_2277.png,1
3424,001_2184.png,1
3425,001_2200.png,1
3426,001_218.png,1
3427,001_2142.png,1
3428,001_2141.png,1
3429,001_2158.png,1
3430,001_2170.png,1
3431,001_2166.png,1
3432,001_2169.png,1
3433,001_2159.png,1
3434,001_2123.png,1
3435,001_2122.png,1
3436,001_2102.png,1
3437,001_2099.png,1
3438,001_278.png,1
3439,001_2782.png,1
3440,001_2718.png,1
3441,001_2774.png,1
3442,001_241.png,1
3443,001_2738.png,1
3444,001_2734.png,1
3445,001_2735.png,1
3446,001_2751.png,1
3447,001_2773.png,1
3448,001_2757.png,1
3449,001_2725.png,1
3450,001_2715.png,1
3451,001_2764.png,1
3452,001_2686.png,1
3453,001_2621.png,1
3454,001_2630.png,1
3455,001_2664.png,1
3456,001_2635.png,1
3457,001_2672.png,1
3458,001_2658.png,1
3459,001_2674.png,1
3460,001_268.png,1
3461,001_2405.png,1
3462,001_2348.png,1
3463,001_2317.png,1
3464,001_2398.png,1
3465,001_2400.png,1
3466,001_2417.png,1
3467,001_2620.png,1
3468,001_2431.png,1
3469,001_2549.png,1
3470,001_2499.png,1
3471,001_2456.png,1
3472,001_2452.png,1
3473,001_2571.png,1
3474,001_2598.png,1
3475,001_2463.png,1
3476,001_2461.png,1
3477,001_248.png,1
3478,001_2601.png,1
3479,001_2608.png,1
3480,001_3106.png,1
3481,001_3081.png,1
3482,001_3046.png,1
3483,001_3029.png,1
3484,001_3090.png,1
3485,001_3045.png,1
3486,001_3026.png,1
3487,001_2950.png,1
3488,001_2944.png,1
3489,001_2945.png,1
3490,001_2940.png,1
3491,001_3002.png,1
3492,001_2997.png,1
3493,001_2975.png,1
3494,001_2952.png,1
3495,001_2939.png,1
3496,001_2924.png,1
3497,001_2964.png,1
3498,001_2931.png,1
3499,001_2961.png,1
3500,001_2920.png,1
3501,001_2918.png,1
3502,001_2823.png,1
3503,001_2827.png,1
3504,001_2829.png,1
3505,001_2910.png,1
3506,001_2913.png,1
3507,001_2846.png,1
3508,001_2810.png,1
3509,001_2801.png,1
3510,001_2881.png,1
3511,001_2886.png,1
3512,001_3472.png,1
3513,001_3446.png,1
3514,001_3408.png,1
3515,001_3400.png,1
3516,001_3470.png,1
3517,001_3455.png,1
3518,001_3407.png,1
3519,001_34.png,1
3520,001_3391.png,1
3521,001_3334.png,1
3522,001_3333.png,1
3523,001_3308.png,1
3524,001_3330.png,1
3525,001_3390.png,1
3526,001_3376.png,1
3527,001_3343.png,1
3528,001_3287.png,1
3529,001_3359.png,1
3530,001_33.png,1
3531,001_3276.png,1
3532,001_3275.png,1
3533,001_3167.png,1
3534,001_3207.png,1
3535,001_3271.png,1
3536,001_327.png,1
3537,001_3235.png,1
3538,001_3165.png,1
3539,001_3158.png,1
3540,001_3266.png,1
3541,001_3251.png,1
3542,001_3161.png,1
3543,001_3132.png,1
3544,001_3119.png,1
3545,001_306.png,1
3546,001_3052.png,1
3547,001_3080.png,1
3548,001_3050.png,1
3549,001_3116.png,1
3550,001_3487.png,1
3551,001_3752.png,1
3552,001_3735.png,1
3553,001_3738.png,1
3554,001_3724.png,1
3555,001_3733.png,1
3556,001_367.png,1
3557,001_366.png,1
3558,001_3661.png,1
3559,001_3697.png,1
3560,001_3706.png,1
3561,001_3673.png,1
3562,001_3646.png,1
3563,001_365.png,1
3564,001_3641.png,1
3565,001_3644.png,1
3566,001_3689.png,1
3567,001_3691.png,1
3568,001_3626.png,1
3569,001_3539.png,1
3570,001_3568.png,1
3571,001_3555.png,1
3572,001_357.png,1
3573,001_3594.png,1
3574,001_3593.png,1
3575,001_3575.png,1
3576,001_3543.png,1
3577,001_3509.png,1
3578,001_3582.png,1
3579,001_3580.png,1
3580,001_3511.png,1
3581,001_3506.png,1
3582,001_35.png,1
3583,001_3440.png,1
3584,001_3434.png,1
3585,001_3424.png,1
3586,001_343.png,1
3587,001_3778.png,1
3588,001_3779.png,1
3589,001_3784.png,1
3590,001_3769.png,1
3591,001_3894.png,1
3592,001_3834.png,1
3593,001_3798.png,1
3594,001_3829.png,1
3595,001_3937.png,1
3596,001_4036.png,1
3597,001_4038.png,1
3598,001_40.png,1
3599,001_4005.png,1
3600,001_3986.png,1
3601,001_3992.png,1
3602,001_3756.png,1
3603,001_3791.png,1
3604,001_3763.png,1
3605,001_3799.png,1
3606,001_3898.png,1
3607,001_3933.png,1
3608,001_38.png,1
3609,001_3812.png,1
3610,001_3930.png,1
3611,001_3850.png,1
3612,001_3871.png,1
3613,001_3887.png,1
3614,001_3880.png,1
3615,001_4030.png,1
3616,001_4016.png,1
3617,001_3979.png,1
3618,001_3970.png,1
3619,001_4023.png,1
3620,001_3971.png,1
3621,001_3968.png,1
3622,001_4405.png,1
3623,001_4403.png,1
3624,001_4338.png,1
3625,001_4313.png,1
3626,001_4322.png,1
3627,001_4332.png,1
3628,001_4393.png,1
3629,001_4390.png,1
3630,001_4339.png,1
3631,001_4303.png,1
3632,001_434.png,1
3633,001_4363.png,1
3634,001_4301.png,1
3635,001_4252.png,1
3636,001_4233.png,1
3637,001_423.png,1
3638,001_4231.png,1
3639,001_4186.png,1
3640,001_4160.png,1
3641,001_4210.png,1
3642,001_4212.png,1
3643,001_4225.png,1
3644,001_4213.png,1
3645,001_4159.png,1
3646,001_4139.png,1
3647,001_4217.png,1
3648,001_4136.png,1
3649,001_4134.png,1
3650,001_4127.png,1
3651,001_4106.png,1
3652,001_410.png,1
3653,001_4101.png,1
3654,001_4097.png,1
3655,001_4125.png,1
3656,001_4123.png,1
3657,001_411.png,1
3658,001_4087.png,1
3659,001_4079.png,1
3660,001_4115.png,1
3661,001_4083.png,1
3662,001_4040.png,1
3663,001_4062.png,1
3664,001_4822.png,1
3665,001_481.png,1
3666,001_4723.png,1
3667,001_4718.png,1
3668,001_4717.png,1
3669,001_4582.png,1
3670,001_4576.png,1
3671,001_4563.png,1
3672,001_4561.png,1
3673,001_4770.png,1
3674,001_454.png,1
3675,001_4602.png,1
3676,001_4677.png,1
3677,001_4526.png,1
3678,001_4417.png,1
3679,001_4776.png,1
3680,001_4787.png,1
3681,001_4537.png,1
3682,001_4634.png,1
3683,001_4434.png,1
3684,001_443.png,1
3685,001_445.png,1
3686,001_442.png,1
3687,001_4427.png,1
3688,001_4451.png,1
3689,001_4412.png,1
3690,001_4511.png,1
3691,001_4505.png,1
3692,001_4640.png,1
3693,001_4482.png,1
3694,001_4669.png,1
3695,001_4644.png,1
3696,001_4527.png,1
3697,001_466.png,1
3698,001_4647.png,1
3699,001_4774.png,1
3700,001_4732.png,1
3701,001_4700.png,1
3702,001_4670.png,1
3703,001_5171.png,1
3704,001_5140.png,1
3705,001_4851.png,1
3706,001_4899.png,1
3707,001_4862.png,1
3708,001_4847.png,1
3709,001_4882.png,1
3710,001_4869.png,1
3711,001_4875.png,1
3712,001_4879.png,1
3713,001_4871.png,1
3714,001_5045.png,1
3715,001_5024.png,1
3716,001_5047.png,1
3717,001_4916.png,1
3718,001_4917.png,1
3719,001_4902.png,1
3720,001_4894.png,1
3721,001_4932.png,1
3722,001_5029.png,1
3723,001_5120.png,1
3724,001_5066.png,1
3725,001_5058.png,1
3726,001_4930.png,1
3727,001_503.png,1
3728,001_4989.png,1
3729,001_5020.png,1
3730,001_4977.png,1
3731,001_5023.png,1
3732,001_497.png,1
3733,001_5150.png,1
3734,001_5149.png,1
3735,001_5110.png,1
3736,001_5067.png,1
3737,001_5093.png,1
3738,001_5119.png,1
3739,001_5551.png,1
3740,001_5456.png,1
3741,001_5450.png,1
3742,001_5485.png,1
3743,001_545.png,1
3744,001_5438.png,1
3745,001_5425.png,1
3746,001_5520.png,1
3747,001_5360.png,1
3748,001_5342.png,1
3749,001_5359.png,1
3750,001_5349.png,1
3751,001_5514.png,1
3752,001_5200.png,1
3753,001_5195.png,1
3754,001_5227.png,1
3755,001_5176.png,1
3756,001_5243.png,1
3757,001_5209.png,1
3758,001_5255.png,1
3759,001_5441.png,1
3760,001_5291.png,1
3761,001_5376.png,1
3762,001_5316.png,1
3763,001_5365.png,1
3764,001_5187.png,1
3765,001_5297.png,1
3766,001_5289.png,1
3767,001_5264.png,1
3768,001_5377.png,1
3769,001_550.png,1
3770,001_5395.png,1
3771,001_5397.png,1
3772,001_5335.png,1
3773,001_5298.png,1
3774,001_5361.png,1
3775,001_5295.png,1
3776,001_5265.png,1
3777,001_5399.png,1
3778,001_5837.png,1
3779,001_5849.png,1
3780,001_5824.png,1
3781,001_5822.png,1
3782,001_5917.png,1
3783,001_5913.png,1
3784,001_5701.png,1
3785,001_5665.png,1
3786,001_5596.png,1
3787,001_59.png,1
3788,001_5622.png,1
3789,001_5617.png,1
3790,001_5707.png,1
3791,001_5692.png,1
3792,001_5729.png,1
3793,001_5777.png,1
3794,001_5749.png,1
3795,001_5883.png,1
3796,001_5804.png,1
3797,001_5806.png,1
3798,001_5561.png,1
3799,001_5895.png,1
3800,001_5795.png,1
3801,001_5673.png,1
3802,001_5677.png,1
3803,001_569.png,1
3804,001_5752.png,1
3805,001_5662.png,1
3806,001_5690.png,1
3807,001_5584.png,1
3808,001_5597.png,1
3809,001_5602.png,1
3810,001_5643.png,1
3811,001_5894.png,1
3812,001_5819.png,1
3813,001_5799.png,1
3814,001_5726.png,1
3815,001_5720.png,1
3816,001_5796.png,1
3817,001_6141.png,1
3818,001_6132.png,1
3819,001_6131.png,1
3820,001_6125.png,1
3821,001_6087.png,1
3822,001_6077.png,1
3823,001_6066.png,1
3824,001_607.png,1
3825,001_5983.png,1
3826,001_5992.png,1
3827,001_6002.png,1
3828,001_5970.png,1
3829,001_6047.png,1
3830,001_6031.png,1
3831,001_602.png,1
3832,001_6011.png,1
3833,001_5967.png,1
3834,001_5933.png,1
3835,001_6028.png,1
3836,001_5951.png,1
3837,001_6013.png,1
3838,001_592.png,1
3839,001_6796.png,1
3840,001_681.png,1
3841,001_6733.png,1
3842,001_6740.png,1
3843,001_6738.png,1
3844,001_6191.png,1
3845,001_6176.png,1
3846,001_6215.png,1
3847,001_6198.png,1
3848,001_6742.png,1
3849,001_6712.png,1
3850,001_6705.png,1
3851,001_6762.png,1
3852,001_6778.png,1
3853,001_675.png,1
3854,001_6708.png,1
3855,001_6746.png,1
3856,001_6698.png,1
3857,001_669.png,1
3858,001_6623.png,1
3859,001_6605.png,1
3860,001_6634.png,1
3861,001_6315.png,1
3862,001_6303.png,1
3863,001_6314.png,1
3864,001_6688.png,1
3865,001_6322.png,1
3866,001_6502.png,1
3867,001_6363.png,1
3868,001_6238.png,1
3869,001_6172.png,1
3870,001_6486.png,1
3871,001_6243.png,1
3872,001_6349.png,1
3873,001_6225.png,1
3874,001_6174.png,1
3875,001_6169.png,1
3876,001_6285.png,1
3877,001_6318.png,1
3878,001_6297.png,1
3879,001_6261.png,1
3880,001_641.png,1
3881,001_6399.png,1
3882,001_647.png,1
3883,001_615.png,1
3884,001_6682.png,1
3885,001_6335.png,1
3886,001_6343.png,1
3887,001_6270.png,1
3888,001_6108.png,1
3889,001_6124.png,1
3890,001_6101.png,1
3891,001_6095.png,1
3892,001_6516.png,1
3893,001_6353.png,1
3894,001_6387.png,1
3895,001_6264.png,1
3896,001_6643.png,1
3897,001_6564.png,1
3898,001_6670.png,1
3899,001_6571.png,1
3900,001_6646.png,1
3901,001_6526.png,1
3902,001_6420.png,1
3903,001_6431.png,1
3904,001_642.png,1
3905,001_6459.png,1
3906,001_7550.png,1
3907,001_7501.png,1
3908,001_7481.png,1
3909,001_7415.png,1
3910,001_7389.png,1
3911,001_7475.png,1
3912,001_7181.png,1
3913,001_7251.png,1
3914,001_7227.png,1
3915,001_7201.png,1
3916,001_7196.png,1
3917,001_7102.png,1
3918,001_7108.png,1
3919,001_7109.png,1
3920,001_7285.png,1
3921,001_7276.png,1
3922,001_7288.png,1
3923,001_7282.png,1
3924,001_7221.png,1
3925,001_7210.png,1
3926,001_7212.png,1
3927,001_7222.png,1
3928,001_7183.png,1
3929,001_7089.png,1
3930,001_7243.png,1
3931,001_7166.png,1
3932,001_7322.png,1
3933,001_7326.png,1
3934,001_7157.png,1
3935,001_7229.png,1
3936,001_720.png,1
3937,001_7338.png,1
3938,001_7101.png,1
3939,001_7063.png,1
3940,001_7137.png,1
3941,001_7307.png,1
3942,001_7448.png,1
3943,001_7363.png,1
3944,001_729.png,1
3945,001_728.png,1
3946,001_7258.png,1
3947,001_7347.png,1
3948,001_730.png,1
3949,001_714.png,1
3950,001_7174.png,1
3951,001_7186.png,1
3952,001_7148.png,1
3953,001_7464.png,1
3954,001_7377.png,1
3955,001_736.png,1
3956,001_7029.png,1
3957,001_7032.png,1
3958,001_7015.png,1
3959,001_7013.png,1
3960,001_6942.png,1
3961,001_701.png,1
3962,001_6909.png,1
3963,001_6823.png,1
3964,001_6992.png,1
3965,001_7055.png,1
3966,001_7004.png,1
3967,001_6934.png,1
3968,001_7049.png,1
3969,001_7006.png,1
3970,001_7010.png,1
3971,001_7034.png,1
3972,001_7051.png,1
3973,001_7041.png,1
3974,001_6998.png,1
3975,001_7001.png,1
3976,001_6917.png,1
3977,001_6961.png,1
3978,001_6959.png,1
3979,001_6973.png,1
3980,001_6964.png,1
3981,001_7048.png,1
3982,001_6996.png,1
3983,001_6930.png,1
3984,001_693.png,1
3985,001_6873.png,1
3986,001_6876.png,1
3987,001_6908.png,1
3988,001_7005.png,1
3989,001_6936.png,1
3990,001_6911.png,1
3991,001_6941.png,1
3992,001_6983.png,1
3993,001_6951.png,1
3994,001_7050.png,1
3995,001_7792.png,1
3996,001_7787.png,1
3997,001_7770.png,1
3998,001_7734.png,1
3999,001_7754.png,1
4000,065_1758.png,65
4001,065_1292.png,65
4002,065_122.png,65
4003,065_3246.png,65
4004,065_3180.png,65
4005,065_6533.png,65
4006,065_6587.png,65
4007,065_6744.png,65
4008,065_6828.png,65
4009,065_4872.png,65
4010,065_4999.png,65
4011,065_4960.png,65
4012,065_6068.png,65
4013,065_5793.png,65
4014,065_5948.png,65
4015,065_4595.png,65
4016,065_4540.png,65
4017,065_4546.png,65
4018,065_4500.png,65
4019,065_6190.png,65
4020,065_6193.png,65
4021,065_5472.png,65
4022,065_5511.png,65
4023,065_4230.png,65
4024,065_630.png,65
4025,065_6860.png,65
4026,065_6308.png,65
4027,065_9582.png,65
4028,065_819.png,65
4029,065_7303.png,65
4030,065_7268.png,65
4031,065_7161.png,65
4032,065_774.png,65
4033,065_8808.png,65
4034,065_7801.png,65
4035,065_7219.png,65
4036,065_7644.png,65
4037,065_799.png,65
4038,065_8645.png,65
4039,065_8581.png,65
4040,065_8046.png,65
4041,065_8570.png,65
4042,066_119.png,66
4043,066_159.png,66
4044,066_1618.png,66
4045,066_1291.png,66
4046,066_113.png,66
4047,066_1866.png,66
4048,066_1744.png,66
4049,066_9724.png,66
4050,066_6212.png,66
4051,066_9346.png,66
4052,066_6407.png,66
4053,066_6154.png,66
4054,066_4706.png,66
4055,066_4709.png,66
4056,066_5879.png,66
4057,066_4684.png,66
4058,066_4638.png,66
4059,066_5828.png,66
4060,066_4440.png,66
4061,066_4167.png,66
4062,066_416.png,66
4063,066_2205.png,66
4064,066_2426.png,66
4065,066_4523.png,66
4066,066_4221.png,66
4067,066_4509.png,66
4068,066_3912.png,66
4069,066_2742.png,66
4070,066_4468.png,66
4071,066_8378.png,66
4072,068_3742.png,68
4073,068_3111.png,68
4074,068_313.png,68
4075,068_3034.png,68
4076,068_2607.png,68
4077,068_2454.png,68
4078,068_2575.png,68
4079,068_2254.png,68
4080,068_2173.png,68
4081,068_1784.png,68
4082,068_112.png,68
4083,068_1399.png,68
4084,068_1435.png,68
4085,068_1915.png,68
4086,068_93.png,68
4087,068_9266.png,68
4088,068_9056.png,68
4089,068_7490.png,68
4090,068_66.png,68
4091,068_8299.png,68
4092,068_6319.png,68
4093,068_8245.png,68
4094,068_7660.png,68
4095,068_7330.png,68
4096,068_8412.png,68
4097,068_3751.png,68
4098,068_8247.png,68
4099,068_7262.png,68
4100,069_2661.png,69
4101,069_2465.png,69
4102,069_1426.png,69
4103,069_1612.png,69
4104,069_8711.png,69
4105,069_8957.png,69
4106,069_9151.png,69
4107,069_9450.png,69
4108,069_7839.png,69
4109,069_7781.png,69
4110,069_7479.png,69
4111,069_5844.png,69
4112,069_5839.png,69
4113,069_7021.png,69
4114,069_6684.png,69
4115,069_5358.png,69
4116,069_4775.png,69
4117,069_3039.png,69
4118,069_3899.png,69
4119,069_3418.png,69
4120,072_1305.png,72
4121,072_1898.png,72
4122,072_1860.png,72
4123,072_1517.png,72
4124,072_1002.png,72
4125,072_1643.png,72
4126,072_1836.png,72
4127,072_552.png,72
4128,072_520.png,72
4129,072_7179.png,72
4130,072_5072.png,72
4131,072_6421.png,72
4132,072_4697.png,72
4133,072_4591.png,72
4134,072_426.png,72
4135,072_3977.png,72
4136,072_4423.png,72
4137,072_3775.png,72
4138,072_3033.png,72
4139,072_2719.png,72
4140,072_2859.png,72
4141,072_3200.png,72
4142,072_3566.png,72
4143,072_3616.png,72
4144,072_2362.png,72
4145,072_3562.png,72
4146,072_2303.png,72
4147,072_2216.png,72
4148,072_9357.png,72
4149,072_9032.png,72
4150,072_7992.png,72
4151,072_7633.png,72
4152,072_764.png,72
4153,072_7263.png,72
4154,072_8904.png,72
4155,072_8426.png,72
4156,073_5926.png,73
4157,073_5618.png,73
4158,073_6127.png,73
4159,073_4536.png,73
4160,073_3866.png,73
4161,073_4114.png,73
4162,073_3749.png,73
4163,073_1952.png,73
4164,073_2023.png,73
4165,073_3027.png,73
4166,073_1008.png,73
4167,073_9611.png,73
4168,073_8859.png,73
4169,073_8101.png,73
4170,073_7947.png,73
4171,067_8560.png,67
4172,067_8931.png,67
4173,067_795.png,67
4174,067_479.png,67
4175,067_5034.png,67
4176,067_7293.png,67
4177,067_7058.png,67
4178,067_484.png,67
4179,067_4418.png,67
4180,067_4235.png,67
4181,067_4312.png,67
4182,067_1858.png,67
4183,067_2649.png,67
4184,067_291.png,67
4185,067_2203.png,67
4186,067_1810.png,67
4187,067_2838.png,67
4188,067_9709.png,67
4189,067_9772.png,67
4190,067_9173.png,67
4191,067_8760.png,67
4192,067_9085.png,67
4193,075_1162.png,75
4194,075_1123.png,75
4195,075_1004.png,75
4196,075_1875.png,75
4197,075_1998.png,75
4198,075_4429.png,75
4199,075_4341.png,75
4200,075_2966.png,75
4201,075_3042.png,75
4202,075_3545.png,75
4203,075_1283.png,75
4204,075_212.png,75
4205,075_2316.png,75
4206,075_2351.png,75
4207,075_2148.png,75
4208,075_2178.png,75
4209,075_2638.png,75
4210,075_8890.png,75
4211,075_8947.png,75
4212,075_9757.png,75
4213,075_9460.png,75
4214,075_8769.png,75
4215,075_9574.png,75
4216,075_9586.png,75
4217,075_8471.png,75
4218,075_8327.png,75
4219,075_8325.png,75
4220,075_5079.png,75
4221,075_5018.png,75
4222,075_4817.png,75
4223,075_4943.png,75
4224,075_5229.png,75
4225,075_6736.png,75
4226,075_7047.png,75
4227,075_6602.png,75
4228,075_7365.png,75
4229,075_7425.png,75
4230,075_8304.png,75
4231,075_5636.png,75
4232,075_8193.png,75
4233,075_5898.png,75
4234,075_5237.png,75
4235,075_535.png,75
4236,075_5215.png,75
4237,075_6454.png,75
4238,075_5724.png,75
4239,075_8134.png,75
4240,075_6061.png,75
4241,075_6181.png,75
4242,075_7114.png,75
4243,075_4430.png,75
4244,075_6692.png,75
4245,075_7074.png,75
4246,110_9628.png,110
4247,110_3906.png,110
4248,096_3150.png,96
4249,096_302.png,96
4250,096_4329.png,96
4251,096_4925.png,96
4252,096_287.png,96
4253,096_7456.png,96
4254,096_187.png,96
4255,096_2665.png,96
4256,096_5504.png,96
4257,096_7149.png,96
4258,096_9676.png,96
4259,096_8958.png,96
4260,095_6403.png,95
4261,095_7088.png,95
4262,092_8757.png,92
4263,092_9685.png,92
4264,092_2766.png,92
4265,092_7459.png,92
4266,092_5569.png,92
4267,092_1029.png,92
4268,092_1061.png,92
4269,091_8599.png,91
4270,090_3448.png,90
4271,090_3195.png,90
4272,090_2976.png,90
4273,090_203.png,90
4274,090_1302.png,90
4275,090_1715.png,90
4276,090_99.png,90
4277,090_6575.png,90
4278,090_6044.png,90
4279,090_6260.png,90
4280,090_6714.png,90
4281,090_6512.png,90
4282,090_7521.png,90
4283,090_7786.png,90
4284,090_7245.png,90
4285,090_8128.png,90
4286,090_8418.png,90
4287,090_9233.png,90
4288,090_8558.png,90
4289,090_9483.png,90
4290,090_7370.png,90
4291,090_4386.png,90
4292,090_5114.png,90
4293,090_4919.png,90
4294,090_5267.png,90
4295,090_5181.png,90
4296,090_4544.png,90
4297,090_5936.png,90
4298,090_4241.png,90
4299,090_3773.png,90
4300,090_4193.png,90
4301,090_3595.png,90
4302,090_3564.png,90
4303,090_3861.png,90
4304,089_3675.png,89
4305,089_2372.png,89
4306,089_1386.png,89
4307,089_210.png,89
4308,089_2787.png,89
4309,089_1126.png,89
4310,089_4148.png,89
4311,089_1343.png,89
4312,089_7337.png,89
4313,089_2372 (1).png,89
4314,089_1343 (1).png,89
4315,089_3675 (1).png,89
4316,089_2787 (1).png,89
4317,089_5096.png,89
4318,089_210 (1).png,89
4319,089_1386 (1).png,89
4320,088_8086.png,88
4321,088_1070.png,88
4322,088_8839.png,88
4323,088_321.png,88
4324,088_4433.png,88
4325,088_4877.png,88
4326,088_5102.png,88
4327,088_5089.png,88
4328,087_5627.png,87
4329,087_507.png,87
4330,087_284.png,87
4331,087_6531.png,87
4332,101_1554.png,101
4333,100_6408.png,100
4334,099_8865.png,99
4335,086_1119.png,86
4336,086_1408.png,86
4337,086_1754.png,86
4338,086_7622.png,86
4339,086_8177.png,86
4340,086_5145.png,86
4341,086_2981.png,86
4342,086_2792.png,86
4343,086_4166.png,86
4344,086_4244.png,86
4345,086_7291.png,86
4346,086_5807.png,86
4347,086_2066.png,86
4348,086_2065.png,86
4349,086_2399.png,86
4350,085_1319.png,85
4351,085_1268.png,85
4352,085_1054.png,85
4353,085_116.png,85
4354,085_1234.png,85
4355,085_102.png,85
4356,085_1019.png,85
4357,085_1397.png,85
4358,085_2563.png,85
4359,085_3360.png,85
4360,085_3198.png,85
4361,085_2892.png,85
4362,085_2864.png,85
4363,085_2937.png,85
4364,085_3123.png,85
4365,085_2901.png,85
4366,085_2783.png,85
4367,085_2501.png,85
4368,085_183.png,85
4369,085_240.png,85
4370,085_2407.png,85
4371,085_2379.png,85
4372,085_1710.png,85
4373,085_1671.png,85
4374,085_1522.png,85
4375,085_4908.png,85
4376,085_435.png,85
4377,085_439.png,85
4378,085_6446.png,85
4379,085_4642.png,85
4380,085_5956.png,85
4381,085_48.png,85
4382,085_44.png,85
4383,085_4061.png,85
4384,085_4494.png,85
4385,085_3969.png,85
4386,085_4852.png,85
4387,085_5302.png,85
4388,085_5035.png,85
4389,085_5327.png,85
4390,085_5095.png,85
4391,085_4846.png,85
4392,085_5513.png,85
4393,085_3879.png,85
4394,085_5675.png,85
4395,085_5884.png,85
4396,085_5885.png,85
4397,085_5893.png,85
4398,085_587.png,85
4399,085_4504.png,85
4400,085_5474.png,85
4401,085_5733.png,85
4402,085_3583.png,85
4403,085_3592.png,85
4404,085_3652.png,85
4405,085_644.png,85
4406,085_8868.png,85
4407,085_6833.png,85
4408,085_7162.png,85
4409,085_6647.png,85
4410,085_7241.png,85
4411,085_6582.png,85
4412,085_7294.png,85
4413,085_8588.png,85
4414,085_8031.png,85
4415,085_8175.png,85
4416,085_8833.png,85
4417,085_8699.png,85
4418,085_8018.png,85
4419,085_7804.png,85
4420,085_7733.png,85
4421,085_9468.png,85
4422,085_9472.png,85
4423,085_9464.png,85
4424,085_6467.png,85
4425,085_8852.png,85
4426,085_7346.png,85
4427,085_9632.png,85
4428,085_9592.png,85
4429,084_9647.png,84
4430,084_9176.png,84
4431,084_6156.png,84
4432,084_3159.png,84
4433,084_5934.png,84
4434,084_5991.png,84
4435,084_7076.png,84
4436,083_6177.png,83
4437,083_5401.png,83
4438,083_1929.png,83
4439,083_1229.png,83
4440,082_653.png,82
4441,082_3480.png,82
4442,082_5742.png,82
4443,082_2683.png,82
4444,082_1265.png,82
4445,082_2516.png,82
4446,082_2319.png,82
4447,082_1469.png,82
4448,082_226.png,82
4449,082_9707.png,82
4450,082_881.png,82
4451,082_9078.png,82
4452,082_6893.png,82
4453,082_9718.png,82
4454,082_8311.png,82
4455,082_8003.png,82
4456,082_4265.png,82
4457,082_5106.png,82
4458,082_5713.png,82
4459,081_9439.png,81
4460,081_9615.png,81
4461,081_6495.png,81
4462,081_6963.png,81
4463,081_3188.png,81
4464,081_5144.png,81
4465,080_2758.png,80
4466,080_2139.png,80
4467,080_2470.png,80
4468,080_1897.png,80
4469,080_2636.png,80
4470,080_1579.png,80
4471,080_1530.png,80
4472,080_1490.png,80
4473,080_1257.png,80
4474,080_7141.png,80
4475,080_7769.png,80
4476,080_7526.png,80
4477,080_7757.png,80
4478,080_7680.png,80
4479,080_7592.png,80
4480,080_5432.png,80
4481,080_6468.png,80
4482,080_5404.png,80
4483,080_5393.png,80
4484,080_6436.png,80
4485,080_5305.png,80
4486,080_6015.png,80
4487,080_4323.png,80
4488,080_4245.png,80
4489,080_5194.png,80
4490,080_3901.png,80
4491,080_3242.png,80
4492,080_4922.png,80
4493,080_4923.png,80
4494,080_4845.png,80
4495,080_9307.png,80
4496,080_9118.png,80
4497,080_8975.png,80
4498,080_9712.png,80
4499,080_8665.png,80
4500,080_8474.png,80
4501,079_871.png,79
4502,079_5470.png,79
4503,079_8716.png,79
4504,079_5362.png,79
4505,079_4633.png,79
4506,079_3976.png,79
4507,079_1788.png,79
4508,079_2318.png,79
4509,079_2149.png,79
4510,078_7837.png,78
4511,078_68.png,78
4512,078_6826.png,78
4513,078_5792.png,78
4514,078_5541.png,78
4515,078_6974.png,78
4516,078_6938.png,78
4517,078_687.png,78
4518,078_142.png,78
4519,078_4864.png,78
4520,078_1727.png,78
4521,078_4351.png,78
4522,078_8482.png,78
4523,078_8985.png,78
4524,078_9049.png,78
4525,078_8644.png,78
4526,078_8421.png,78
4527,078_8323.png,78
4528,077_9038.png,77
4529,077_9019.png,77
4530,077_7575.png,77
4531,077_5421.png,77
4532,077_7317.png,77
4533,077_7261.png,77
4534,077_6906.png,77
4535,077_2978.png,77
4536,077_2428.png,77
4537,077_1619.png,77
4538,077_588.png,77
4539,076_6965.png,76
4540,076_8057.png,76
4541,076_8406.png,76
4542,076_9325.png,76
4543,076_9203.png,76
4544,076_547.png,76
4545,076_446.png,76
4546,076_5900.png,76
4547,076_583.png,76
4548,076_5649.png,76
4549,076_4026.png,76
4550,076_413.png,76
4551,076_3006.png,76
4552,076_1127.png,76
4553,076_2284.png,76
4554,076_2093.png,76
4555,076_1252.png,76
4556,076_1674.png,76
4557,076_1293.png,76
4558,001_9411.png,1
4559,001_9330.png,1
4560,001_9414.png,1
4561,001_943.png,1
4562,001_9499.png,1
4563,001_9491.png,1
4564,001_9430.png,1
4565,001_991.png,1
4566,001_982.png,1
4567,001_9755.png,1
4568,001_9694.png,1
4569,001_9692.png,1
4570,001_9697.png,1
4571,001_9713.png,1
4572,001_9677.png,1
4573,001_9662.png,1
4574,001_9678.png,1
4575,001_9701.png,1
4576,001_9729.png,1
4577,001_9732.png,1
4578,001_980.png,1
4579,001_9739.png,1
4580,001_9742.png,1
4581,060_2012.png,60
4582,060_1580.png,60
4583,060_1497.png,60
4584,060_1358.png,60
4585,060_1038.png,60
4586,060_1142.png,60
4587,060_121.png,60
4588,060_2525.png,60
4589,060_4165.png,60
4590,060_4067.png,60
4591,060_2210.png,60
4592,060_4119.png,60
4593,060_2512.png,60
4594,060_3201.png,60
4595,060_1932.png,60
4596,060_2816.png,60
4597,060_3148.png,60
4598,060_6772.png,60
4599,060_6769.png,60
4600,060_7279.png,60
4601,060_7220.png,60
4602,060_585.png,60
4603,060_6016.png,60
4604,060_4539.png,60
4605,060_5590.png,60
4606,060_4194.png,60
4607,060_525.png,60
4608,060_4955.png,60
4609,060_4826.png,60
4610,060_4850.png,60
4611,060_5138.png,60
4612,060_5019.png,60
4613,060_4974.png,60
4614,060_4823.png,60
4615,060_4646.png,60
4616,060_4785.png,60
4617,060_9223.png,60
4618,060_8390.png,60
4619,060_7331.png,60
4620,060_8026.png,60
4621,060_7903.png,60
4622,060_7423.png,60
4623,060_8737.png,60
4624,060_9116.png,60
4625,060_8160.png,60
4626,060_8676.png,60
4627,060_853.png,60
4628,060_8983.png,60
4629,060_8326.png,60
4630,060_9401.png,60
4631,060_9639.png,60
4632,057_5275.png,57
