filename,age
075_6454_original.png,75
032_1726_aug_105_0.png,32
090_4919_aug_4293_1.png,90
075_5636_aug_4231_2.png,75
021_2172_aug_3_2.png,21
090_4386_aug_4291_1.png,90
018_4315_aug_85_0.png,18
005_8788_aug_1398_2.png,5
062_6546_aug_3088_0.png,62
005_2547_aug_1356_2.png,5
052_9596_aug_811_1.png,52
065_4185_aug_3335_0.png,65
029_3015_aug_169_2.png,29
020_1839_aug_36_1.png,20
012_5954_aug_1774_0.png,12
038_1365_aug_513_0.png,38
080_2758_aug_4465_2.png,80
075_5215_aug_4236_1.png,75
005_9423_original.png,5
013_8764_aug_1761_1.png,13
049_5172_aug_886_1.png,49
014_8561_aug_1738_2.png,14
005_9244_aug_1397_0.png,5
051_661_aug_841_0.png,51
005_6891_aug_1365_0.png,5
039_8917_aug_500_0.png,39
032_9425_aug_133_0.png,32
008_2095_original.png,8
042_2113_original.png,42
019_6289_aug_71_1.png,19
015_1729_original.png,15
001_1851_original.png,1
052_5240_aug_802_1.png,52
032_9224_aug_129_2.png,32
041_2588_aug_426_2.png,41
014_802_original.png,14
070_8139_aug_3320_0.png,70
085_3198_aug_4360_1.png,85
009_6807_aug_1109_1.png,9
014_499_aug_1730_1.png,14
015_6293_aug_1696_0.png,15
018_1521_aug_80_2.png,18
005_5964_aug_1375_1.png,5
018_4281_aug_88_2.png,18
021_3272_original.png,21
018_3303_original.png,18
015_876_aug_1685_1.png,15
039_7828_aug_483_2.png,39
005_4200_original.png,5
086_2981_aug_4341_1.png,86
008_2584_aug_1145_0.png,8
039_8879_aug_499_1.png,39
038_1986_aug_510_0.png,38
052_9406_aug_809_2.png,52
086_7291_aug_4345_2.png,86
039_8944_aug_501_0.png,39
075_1004_original.png,75
052_6739_aug_793_1.png,52
070_7298_aug_3306_0.png,70
030_2278_aug_135_2.png,30
029_5672_original.png,29
005_6672_original.png,5
017_7516_original.png,17
049_8526_original.png,49
087_6531_aug_4331_0.png,87
053_2610_aug_723_2.png,53
009_1489_original.png,9
029_5918_aug_172_0.png,29
017_7244_aug_1590_1.png,17
001_1224_aug_1026_1.png,1
052_6064_original.png,52
008_4961_aug_1153_2.png,8
075_9757_aug_4212_1.png,75
001_1172_original.png,1
042_836_original.png,42
070_9477_original.png,70
008_2513_aug_1148_2.png,8
019_1888_aug_57_2.png,19
049_334_aug_875_2.png,49
061_5461_original.png,61
086_1119_aug_4335_2.png,86
021_3272_aug_16_2.png,21
017_3585_aug_1579_1.png,17
005_5469_aug_1370_2.png,5
029_3550_original.png,29
063_7142_aug_3260_0.png,63
009_7878_original.png,9
075_7074_aug_4245_2.png,75
015_4615_aug_1677_1.png,15
014_8603_aug_1739_0.png,14
090_8558_original.png,90
096_302_original.png,96
088_5102_original.png,88
018_2572_aug_76_1.png,18
043_4172_aug_403_0.png,43
032_1726_aug_105_2.png,32
030_387_aug_146_0.png,30
042_7752_original.png,42
043_9171_aug_409_0.png,43
020_8210_aug_41_0.png,20
017_7244_aug_1590_2.png,17
087_6531_original.png,87
019_1930_aug_58_1.png,19
075_535_aug_4235_2.png,75
062_4819_original.png,62
062_6546_aug_3088_2.png,62
029_8370_aug_198_0.png,29
008_2513_original.png,8
090_6575_original.png,90
062_4280_aug_3092_0.png,62
072_1898_original.png,72
008_1149_aug_1134_1.png,8
018_9641_aug_1569_2.png,18
040_2647_aug_448_0.png,40
009_775_original.png,9
021_2046_aug_5_1.png,21
062_7938_aug_3080_0.png,62
061_2925_aug_3107_1.png,61
029_7215_original.png,29
019_3672_original.png,19
072_9032_aug_4149_1.png,72
015_8972_original.png,15
089_3675_aug_4304_1.png,89
009_2409_aug_1054_2.png,9
072_6421_original.png,72
075_8327_aug_4218_2.png,75
029_7913_aug_184_2.png,29
072_3562_aug_4145_1.png,72
053_8455_aug_752_0.png,53
050_7496_aug_861_0.png,50
039_8879_aug_499_2.png,39
005_2442_aug_1318_1.png,5
014_9333_aug_1734_0.png,14
029_2517_original.png,29
029_2517_aug_170_1.png,29
090_6260_aug_4279_0.png,90
072_2362_aug_4144_0.png,72
008_2095_aug_1138_0.png,8
020_1617_aug_35_0.png,20
015_9041_aug_1704_2.png,15
013_1849_original.png,13
090_8418_aug_4286_2.png,90
005_6027_aug_1371_2.png,5
021_2172_original.png,21
012_150_aug_1768_2.png,12
014_3488_aug_1712_1.png,14
088_4877_aug_4325_1.png,88
018_168_aug_83_1.png,18
015_328_aug_1667_0.png,15
096_7149_aug_4257_0.png,96
041_2588_aug_426_0.png,41
001_1225_aug_1023_0.png,1
044_3520_aug_396_1.png,44
032_869_aug_120_0.png,32
012_3805_aug_1785_0.png,12
032_5373_aug_111_0.png,32
048_6219_original.png,48
005_3270_aug_1352_2.png,5
043_5648_original.png,43
009_2777_aug_1052_2.png,9
020_1577_original.png,20
009_4641_aug_1071_1.png,9
015_6811_original.png,15
032_2199_original.png,32
014_6577_aug_1732_0.png,14
063_5336_aug_3262_2.png,63
032_9058_aug_131_0.png,32
043_8835_aug_412_1.png,43
052_6962_original.png,52
090_5114_aug_4292_1.png,90
038_3057_aug_507_2.png,38
085_2501_aug_4367_2.png,85
065_4075_aug_3340_1.png,65
089_1126_aug_4309_0.png,89
014_7835_aug_1741_1.png,14
030_2278_aug_135_1.png,30
008_2640_aug_1146_2.png,8
075_5215_original.png,75
021_8728_aug_21_0.png,21
038_3486_aug_506_1.png,38
005_5286_original.png,5
072_3977_aug_4135_0.png,72
030_9181_aug_150_1.png,30
052_3062_aug_786_2.png,52
008_4564_aug_1163_2.png,8
039_7828_aug_483_0.png,39
020_3362_aug_38_1.png,20
053_8455_aug_752_1.png,53
041_8203_aug_418_1.png,41
038_6304_aug_519_2.png,38
032_5890_aug_109_1.png,32
001_1816_aug_1037_1.png,1
061_7972_original.png,61
020_5057_original.png,20
005_2434_original.png,5
009_403_original.png,9
001_1790_aug_1032_0.png,1
050_3458_aug_855_2.png,50
028_7086_aug_219_0.png,28
070_3368_aug_3312_1.png,70
053_862_aug_754_1.png,53
038_4436_aug_523_1.png,38
019_2784_aug_56_2.png,19
063_7142_aug_3260_2.png,63
086_1119_original.png,86
019_2441_original.png,19
089_2372_original.png,89
075_1998_aug_4197_2.png,75
051_4057_original.png,51
001_1330_aug_1020_0.png,1
053_8307_aug_751_0.png,53
029_3953_aug_160_0.png,29
029_557_original.png,29
051_5087_original.png,51
052_5240_original.png,52
086_5807_original.png,86
030_6373_aug_153_1.png,30
015_1472_aug_1671_2.png,15
065_3609_aug_3336_0.png,65
029_7913_aug_184_0.png,29
051_661_aug_841_2.png,51
053_964_aug_762_0.png,53
017_7516_aug_1591_0.png,17
062_8595_aug_3083_1.png,62
015_2893_original.png,15
089_2787 (1)_aug_4316_2.png,89
017_4914_original.png,17
001_1203_aug_1009_2.png,1
018_4154_aug_100_0.png,18
072_1002_original.png,72
009_838_aug_1123_2.png,9
089_3675_original.png,89
049_9714_aug_889_2.png,49
090_5181_aug_4295_0.png,90
042_6106_aug_692_2.png,42
086_7291_aug_4345_0.png,86
030_2856_original.png,30
064_9219_aug_3292_2.png,64
070_7298_aug_3306_2.png,70
051_4057_aug_826_1.png,51
028_6360_original.png,28
001_1243_aug_1021_0.png,1
061_7234_aug_3097_1.png,61
064_4052_aug_3286_2.png,64
095_7088_aug_4261_2.png,95
015_8972_aug_1706_1.png,15
012_5745_aug_1779_0.png,12
028_6451_aug_226_2.png,28
014_6781_original.png,14
013_3329_aug_1752_2.png,13
020_7274_aug_49_0.png,20
015_6967_original.png,15
018_9519_aug_1565_0.png,18
072_1898_aug_4121_0.png,72
009_3604_aug_1081_0.png,9
051_4057_aug_826_0.png,51
075_2966_original.png,75
085_1319_aug_4350_0.png,85
053_4020_aug_743_2.png,53
062_1411_aug_3073_1.png,62
039_178_aug_466_0.png,39
032_869_aug_120_2.png,32
017_4071_aug_1574_2.png,17
039_9086_aug_497_2.png,39
071_139_original.png,71
018_8184_aug_1558_1.png,18
090_9483_aug_4289_1.png,90
049_9714_original.png,49
061_8213_original.png,61
061_1658_aug_3109_1.png,61
018_9641_original.png,18
041_1260_aug_416_1.png,41
021_6329_aug_9_0.png,21
005_3878_aug_1347_2.png,5
005_1348_aug_1326_0.png,5
052_6962_aug_817_1.png,52
043_6662_aug_413_1.png,43
005_1975_aug_1336_0.png,5
090_6575_aug_4277_1.png,90
064_8244_aug_3291_2.png,64
028_1653_aug_213_1.png,28
009_7455_aug_1102_1.png,9
012_606_original.png,12
030_4096_original.png,30
014_9455_aug_1744_2.png,14
015_7565_original.png,15
050_6654_aug_870_0.png,50
075_5636_original.png,75
061_6590_aug_3110_0.png,61
018_9690_original.png,18
096_4329_aug_4250_2.png,96
001_1284_original.png,1
072_3616_original.png,72
017_4914_aug_1583_2.png,17
043_2569_aug_404_2.png,43
032_6063_aug_110_0.png,32
038_5389_aug_521_2.png,38
065_122_original.png,65
063_4538_aug_3267_1.png,63
032_703_original.png,32
009_6856_aug_1101_1.png,9
038_5389_original.png,38
090_6575_aug_4277_0.png,90
009_694_aug_1100_1.png,9
019_4112_aug_63_1.png,19
090_2976_aug_4272_2.png,90
015_2346_aug_1670_1.png,15
075_1123_aug_4194_2.png,75
052_7777_aug_822_2.png,52
013_149_original.png,13
021_2046_aug_5_2.png,21
052_5240_aug_802_0.png,52
008_4587_original.png,8
019_7205_aug_73_2.png,19
085_1268_aug_4351_2.png,85
009_1664_aug_1061_1.png,9
062_6433_aug_3089_1.png,62
021_1672_aug_8_2.png,21
051_9767_aug_836_2.png,51
070_5498_aug_3307_2.png,70
075_6736_aug_4225_2.png,75
052_9055_original.png,52
018_7542_aug_1563_2.png,18
070_3299_aug_3311_0.png,70
009_4320_aug_1075_1.png,9
053_8785_aug_750_1.png,53
005_5560_aug_1369_2.png,5
014_3893_original.png,14
029_8759_aug_196_0.png,29
086_4166_aug_4343_0.png,86
072_4591_aug_4133_1.png,72
015_3721_original.png,15
029_1137_original.png,29
005_1287_aug_1333_0.png,5
052_457_aug_775_2.png,52
021_4765_aug_15_0.png,21
020_3204_aug_37_1.png,20
005_4448_aug_1381_0.png,5
021_8728_aug_21_2.png,21
052_6155_original.png,52
018_3351_aug_95_2.png,18
064_2378_aug_3287_2.png,64
039_3856_aug_473_2.png,39
090_9483_aug_4289_0.png,90
096_187_aug_4254_1.png,96
072_1517_aug_4123_1.png,72
001_1148_original.png,1
009_352_aug_1084_1.png,9
049_7090_original.png,49
014_7654_aug_1737_0.png,14
005_1728_original.png,5
018_4021_aug_87_1.png,18
019_2441_aug_59_1.png,19
021_9429_aug_20_2.png,21
021_716_original.png,21
052_6962_aug_817_2.png,52
029_893_aug_200_2.png,29
052_3819_original.png,52
015_7768_aug_1690_0.png,15
075_7074_aug_4245_0.png,75
089_1386_aug_4306_0.png,89
028_382_aug_208_2.png,28
028_3259_aug_210_0.png,28
073_3027_aug_4165_2.png,73
001_1118_aug_1015_2.png,1
050_7496_aug_861_2.png,50
018_3967_aug_86_1.png,18
039_7436_aug_493_0.png,39
015_6768_original.png,15
053_6157_aug_730_0.png,53
050_5778_aug_866_0.png,50
050_6167_aug_850_1.png,50
015_4346_original.png,15
040_6505_original.png,40
062_1937_aug_3074_0.png,62
053_8726_original.png,53
013_654_aug_1763_0.png,13
018_1521_original.png,18
032_638_aug_128_1.png,32
053_6022_aug_732_0.png,53
061_3155_aug_3108_1.png,61
050_4465_aug_852_0.png,50
086_4166_aug_4343_2.png,86
043_3331_aug_401_2.png,43
005_5869_aug_1376_2.png,5
040_7864_aug_457_1.png,40
001_1203_original.png,1
032_8901_aug_132_2.png,32
005_6354_aug_1363_2.png,5
053_8785_aug_750_0.png,53
053_3273_aug_718_2.png,53
038_5389_aug_521_1.png,38
052_7017_aug_823_2.png,52
050_4073_aug_851_0.png,50
032_6979_aug_123_2.png,32
062_4401_original.png,62
013_1595_original.png,13
001_1131_aug_1016_1.png,1
040_1349_aug_437_0.png,40
012_1739_aug_1767_1.png,12
053_489_original.png,53
005_626_aug_1367_2.png,5
053_9404_aug_763_2.png,53
062_3736_aug_3076_0.png,62
015_4517_aug_1681_0.png,15
042_6210_original.png,42
041_1448_aug_423_0.png,41
089_4148_original.png,89
065_2731_aug_3346_0.png,65
001_1161_aug_1007_2.png,1
009_6240_aug_1112_0.png,9
021_7316_aug_26_1.png,21
032_8681_original.png,32
053_9635_aug_746_0.png,53
065_2904_aug_3344_0.png,65
030_7020_aug_152_0.png,30
052_7865_aug_821_2.png,52
020_1410_original.png,20
039_8136_original.png,39
017_1704_aug_1571_2.png,17
018_2223_original.png,18
073_5926_aug_4156_1.png,73
096_302_aug_4249_0.png,96
038_7882_aug_514_0.png,38
019_1888_aug_57_0.png,19
064_1272 (1)_aug_3285_2.png,64
072_7992_aug_4150_2.png,72
018_1158_aug_82_1.png,18
039_8151_original.png,39
089_7337_aug_4312_0.png,89
005_2756_original.png,5
052_519_aug_806_2.png,52
018_2223_aug_77_2.png,18
014_5260_aug_1727_0.png,14
017_7244_aug_1590_0.png,17
014_1817_original.png,14
008_4288_aug_1155_0.png,8
032_9018_original.png,32
030_6298_aug_158_1.png,30
050_8824_aug_873_0.png,50
009_775_aug_1094_0.png,9
090_5267_aug_4294_2.png,90
019_1888_original.png,19
005_2434_aug_1319_1.png,5
030_4383_aug_138_0.png,30
088_5102_aug_4326_1.png,88
075_8325_aug_4219_2.png,75
052_6752_original.png,52
038_5865_aug_526_2.png,38
085_1268_original.png,85
021_5797_original.png,21
075_2178_original.png,75
001_1816_original.png,1
042_1829_aug_683_2.png,42
042_2704_aug_682_1.png,42
096_7149_aug_4257_1.png,96
040_3036_aug_450_1.png,40
072_3200_aug_4141_2.png,72
028_5002_original.png,28
075_1283_aug_4203_2.png,75
021_716_aug_25_2.png,21
038_6304_aug_519_1.png,38
008_2769_aug_1144_2.png,8
009_144_original.png,9
090_3195_original.png,90
072_9357_aug_4148_1.png,72
009_6189_original.png,9
061_7937_original.png,61
005_8604_aug_1388_1.png,5
021_9127_aug_28_1.png,21
013_5911_original.png,13
061_7937_aug_3099_1.png,61
072_2719_aug_4139_2.png,72
038_7146_original.png,38
086_4244_aug_4344_1.png,86
032_6770_aug_126_0.png,32
019_9776_original.png,19
001_1205_aug_1013_2.png,1
088_4433_aug_4324_2.png,88
071_3151_original.png,71
061_5820_aug_3103_0.png,61
086_5145_aug_4340_1.png,86
062_7682_aug_3087_2.png,62
028_2282_original.png,28
053_1659_aug_727_2.png,53
029_8370_original.png,29
008_3960_aug_1164_0.png,8
053_4951_aug_742_0.png,53
072_6421_aug_4131_0.png,72
005_620_aug_1364_0.png,5
049_4643_aug_888_0.png,49
020_1839_aug_36_2.png,20
012_1739_original.png,12
041_7709_original.png,41
086_1754_aug_4337_1.png,86
009_2564_aug_1050_1.png,9
052_7777_original.png,52
090_6512_aug_4281_2.png,90
051_1515_aug_834_1.png,51
010_9751_aug_1044_2.png,10
015_3801_aug_1679_1.png,15
017_4914_aug_1583_1.png,17
085_240_aug_4369_1.png,85
029_8339_aug_197_2.png,29
072_2216_aug_4147_1.png,72
096_4925_aug_4251_1.png,96
015_7328_aug_1687_2.png,15
029_5699_aug_187_2.png,29
043_252_aug_407_0.png,43
061_3267_aug_3098_0.png,61
050_3223_aug_858_1.png,50
017_3650_aug_1576_0.png,17
074_7894_aug_3294_1.png,74
096_287_original.png,96
063_4538_original.png,63
072_520_aug_4128_2.png,72
005_1348_aug_1326_1.png,5
065_3412_aug_3343_2.png,65
028_5372_aug_220_1.png,28
049_452_aug_887_0.png,49
052_519_aug_806_1.png,52
012_660_original.png,12
053_5958_aug_733_0.png,53
052_6224_aug_790_2.png,52
090_4544_aug_4296_1.png,90
085_2901_aug_4365_0.png,85
064_1734_aug_3283_1.png,64
074_8601_aug_3295_1.png,74
053_5493_aug_736_0.png,53
029_1418_aug_166_2.png,29
021_9429_aug_20_1.png,21
075_4943_aug_4223_2.png,75
020_6931_aug_47_1.png,20
032_3547_aug_119_2.png,32
052_8424_aug_816_1.png,52
040_6505_aug_454_2.png,40
049_5645_aug_883_2.png,49
075_8134_aug_4239_0.png,75
061_206_aug_3106_0.png,61
042_7737_aug_706_2.png,42
019_9193_aug_65_0.png,19
090_6512_aug_4281_1.png,90
049_5518_original.png,49
041_8452_aug_433_2.png,41
070_9477_aug_3317_1.png,70
053_7231_aug_759_1.png,53
014_5732_aug_1722_1.png,14
018_3388_aug_94_0.png,18
070_1536_aug_3313_1.png,70
013_3292_aug_1753_0.png,13
032_5661_aug_108_0.png,32
019_9193_original.png,19
053_6157_original.png,53
005_6725_original.png,5
008_1611_aug_1135_0.png,8
090_6044_aug_4278_1.png,90
019_4112_aug_63_0.png,19
074_2457_aug_3298_0.png,74
009_6189_aug_1113_1.png,9
029_621_aug_193_2.png,29
062_6299_aug_3090_1.png,62
053_7472_original.png,53
075_9757_original.png,75
073_7947_aug_4170_0.png,73
075_3042_aug_4201_0.png,75
028_3259_original.png,28
052_817_aug_818_0.png,52
053_5519_original.png,53
052_5252_aug_804_2.png,52
021_1772_aug_6_2.png,21
062_4107_aug_3066_0.png,62
062_6299_original.png,62
052_5960_aug_797_1.png,52
049_9214_aug_894_2.png,49
085_3123_aug_4364_0.png,85
096_187_aug_4254_2.png,96
018_4888_aug_84_2.png,18
012_512_aug_1780_2.png,12
014_5260_aug_1727_1.png,14
048_7159_aug_900_0.png,48
021_1772_aug_6_0.png,21
030_4856_aug_141_0.png,30
075_7114_aug_4242_2.png,75
052_6224_aug_790_0.png,52
043_314_aug_402_2.png,43
029_3094_aug_164_1.png,29
075_7114_aug_4242_0.png,75
019_9776_aug_67_1.png,19
039_2063_aug_468_0.png,39
017_4656_aug_1581_1.png,17
018_8838_original.png,18
029_175_aug_168_0.png,29
061_1859_aug_3102_2.png,61
073_3749_aug_4162_1.png,73
070_4570_aug_3309_1.png,70
049_334_aug_875_0.png,49
110_3906_aug_4247_2.png,110
050_1529_aug_849_0.png,50
014_6397_aug_1729_1.png,14
052_4859_original.png,52
039_913_aug_498_2.png,39
009_1769_aug_1057_0.png,9
071_9319_original.png,71
005_2347_aug_1320_2.png,5
052_7466_aug_820_0.png,52
089_1343 (1)_aug_4314_0.png,89
008_3460_aug_1140_1.png,8
013_8564_original.png,13
021_6329_aug_9_2.png,21
005_2089_aug_1331_2.png,5
052_1192_aug_770_0.png,52
029_1964_original.png,29
029_893_aug_200_0.png,29
048_1743_original.png,48
013_4128_aug_1749_1.png,13
052_5134_aug_807_2.png,52
052_4585_aug_774_2.png,52
062_6299_aug_3090_0.png,62
064_8244_original.png,64
008_2769_original.png,8
015_6293_aug_1696_1.png,15
075_1123_aug_4194_1.png,75
008_4587_aug_1159_0.png,8
015_7328_aug_1687_0.png,15
096_187_original.png,96
042_6210_aug_689_1.png,42
071_942_original.png,71
072_3033_original.png,72
001_1336_aug_1019_2.png,1
009_8807_aug_1122_2.png,9
052_3087_aug_785_2.png,52
072_520_aug_4128_1.png,72
051_3542_aug_829_2.png,51
052_2568_aug_783_2.png,52
050_4935_original.png,50
017_2880_aug_1575_1.png,17
063_4085_aug_3266_0.png,63
042_9370_aug_699_2.png,42
071_942_aug_3332_0.png,71
019_4072_original.png,19
032_4270_aug_117_2.png,32
042_6743_original.png,42
049_9214_original.png,49
001_1218_aug_1027_0.png,1
072_1305_aug_4120_0.png,72
061_6520_aug_3104_0.png,61
043_6032_aug_411_2.png,43
089_210_aug_4307_1.png,89
053_2167_original.png,53
028_6416_aug_229_0.png,28
072_7263_aug_4153_1.png,72
061_6590_aug_3110_1.png,61
032_4270_original.png,32
052_8703_original.png,52
015_5427_original.png,15
052_4696_aug_772_2.png,52
018_168_aug_83_2.png,18
013_4314_original.png,13
040_228_aug_451_0.png,40
072_5072_aug_4130_1.png,72
032_176_aug_106_2.png,32
052_3082_original.png,52
096_9676_aug_4258_0.png,96
038_1365_original.png,38
073_7947_aug_4170_1.png,73
005_8873_aug_1392_2.png,5
015_7292_aug_1694_1.png,15
050_265_original.png,50
062_7682_aug_3087_1.png,62
072_7633_aug_4151_0.png,72
032_1297_aug_104_1.png,32
014_1907_original.png,14
051_2671_aug_833_0.png,51
064_1272 (1)_aug_3285_1.png,64
049_104_aug_879_1.png,49
005_1071_aug_1321_1.png,5
005_56_original.png,5
014_601_aug_1725_2.png,14
039_8248_aug_495_2.png,39
075_5079_aug_4220_1.png,75
072_1860_aug_4122_2.png,72
018_4888_original.png,18
005_1931_aug_1334_1.png,5
050_5778_aug_866_1.png,50
070_8133_aug_3304_0.png,70
017_2878_aug_1570_1.png,17
038_1894_original.png,38
070_7877_aug_3303_0.png,70
008_1149_aug_1134_2.png,8
040_4986_aug_456_0.png,40
062_2111_aug_3071_1.png,62
062_7147_aug_3091_2.png,62
005_3870_aug_1350_1.png,5
001_1089_aug_1000_0.png,1
029_8571_aug_180_1.png,29
005_4719_aug_1379_0.png,5
072_5072_original.png,72
096_7456_aug_4253_2.png,96
021_4108_aug_18_1.png,21
070_1536_aug_3313_2.png,70
028_3259_aug_210_2.png,28
053_5323_aug_734_0.png,53
042_4488_aug_697_0.png,42
008_209_aug_1139_2.png,8
050_8580_aug_859_1.png,50
073_4114_aug_4161_1.png,73
032_461_aug_118_0.png,32
075_7114_original.png,75
014_9333_aug_1734_2.png,14
075_8769_aug_4214_0.png,75
070_9477_aug_3317_0.png,70
030_2542_aug_136_0.png,30
009_6086_aug_1066_2.png,9
040_1349_original.png,40
063_2710_aug_3272_2.png,63
072_2216_original.png,72
013_4808_aug_1747_2.png,13
005_8855_aug_1386_2.png,5
018_168_aug_83_0.png,18
042_2704_aug_682_2.png,42
064_5339_aug_3282_1.png,64
041_5216_aug_430_0.png,41
029_5902_aug_173_1.png,29
030_4096_aug_147_0.png,30
063_6693_aug_3278_0.png,63
019_1442_aug_61_2.png,19
088_5089_aug_4327_2.png,88
005_4182_original.png,5
039_8944_aug_501_2.png,39
075_4817_aug_4222_2.png,75
075_8304_original.png,75
075_4341_aug_4199_1.png,75
018_1158_aug_82_0.png,18
052_5637_aug_799_2.png,52
038_1282_aug_511_2.png,38
086_2792_aug_4342_1.png,86
030_3916_aug_144_2.png,30
042_1829_aug_683_1.png,42
053_6022_aug_732_2.png,53
018_3698_aug_98_1.png,18
030_7020_original.png,30
013_3494_aug_1754_0.png,13
029_5930_aug_189_1.png,29
018_2054_original.png,18
018_3698_aug_98_0.png,18
050_9103_aug_872_2.png,50
018_82_aug_1554_0.png,18
042_836_aug_702_2.png,42
038_3057_aug_507_1.png,38
020_5057_aug_30_1.png,20
072_3033_aug_4138_1.png,72
009_3375_aug_1087_1.png,9
061_5461_aug_3111_1.png,61
001_1226_aug_1022_2.png,1
020_1577_aug_29_0.png,20
075_8325_aug_4219_1.png,75
039_3719_aug_477_1.png,39
038_1365_aug_513_1.png,38
071_8278_original.png,71
092_7459_aug_4265_1.png,92
038_221_original.png,38
009_9473_aug_1115_2.png,9
039_259_aug_475_0.png,39
018_8143_aug_1559_0.png,18
009_1664_original.png,9
051_5087_aug_825_0.png,51
014_8461_aug_1740_0.png,14
061_4205_aug_3100_1.png,61
053_8785_aug_750_2.png,53
041_8203_original.png,41
039_8248_aug_495_0.png,39
039_3856_aug_473_0.png,39
012_4687_aug_1783_2.png,12
005_8855_aug_1386_1.png,5
021_8477_original.png,21
052_6752_aug_792_0.png,52
008_4288_aug_1155_2.png,8
009_6854_aug_1105_1.png,9
040_3079_aug_446_0.png,40
001_1764_aug_1036_0.png,1
064_5339_original.png,64
052_9332_aug_812_2.png,52
005_5286_aug_1377_2.png,5
043_4271_aug_408_0.png,43
051_9767_aug_836_1.png,51
040_3712_original.png,40
015_8497_aug_1686_1.png,15
061_7937_aug_3099_2.png,61
015_8972_aug_1706_0.png,15
073_6127_aug_4158_0.png,73
021_2675_aug_2_0.png,21
005_8762_aug_1384_0.png,5
053_7231_aug_759_2.png,53
008_1310_aug_1136_2.png,8
090_3195_aug_4271_1.png,90
005_5390_aug_1374_2.png,5
009_7603_aug_1124_2.png,9
048_6088_original.png,48
038_5467_aug_527_0.png,38
040_5451_original.png,40
013_4128_aug_1749_0.png,13
018_168_original.png,18
019_2802_aug_55_2.png,19
063_4145_aug_3263_0.png,63
072_3200_original.png,72
010_9496_aug_1045_0.png,10
042_6496_aug_687_0.png,42
061_2925_aug_3107_0.png,61
014_8461_aug_1740_1.png,14
041_1448_aug_423_1.png,41
090_4193_original.png,90
005_620_original.png,5
070_9659_aug_3318_2.png,70
090_5267_original.png,90
005_2494_aug_1357_0.png,5
030_4096_aug_147_2.png,30
001_1786_aug_1031_1.png,1
032_638_aug_128_0.png,32
015_9498_aug_1705_1.png,15
043_2569_aug_404_0.png,43
052_7466_aug_820_1.png,52
052_62_aug_794_2.png,52
048_1743_aug_896_2.png,48
073_4536_original.png,73
009_403_aug_1078_0.png,9
075_7047_original.png,75
005_3797_aug_1348_0.png,5
071_8273_original.png,71
085_2864_aug_4362_1.png,85
062_6299_aug_3090_2.png,62
005_2756_aug_1359_0.png,5
029_19_aug_167_0.png,29
073_2023_original.png,73
052_5927_aug_800_1.png,52
015_6811_aug_1689_0.png,15
040_3037_aug_449_0.png,40
009_1877_original.png,9
017_9341_aug_1584_0.png,17
072_4591_aug_4133_2.png,72
001_1762_aug_1040_1.png,1
005_3878_aug_1347_1.png,5
039_178_aug_466_2.png,39
001_1220_aug_1002_2.png,1
029_2330_aug_171_2.png,29
015_1296_aug_1665_0.png,15
018_4154_original.png,18
050_6328_aug_867_1.png,50
014_8561_aug_1738_1.png,14
010_9495_aug_1043_2.png,10
015_9335_aug_1701_0.png,15
062_1035_aug_3069_1.png,62
032_9425_aug_133_2.png,32
019_5424_aug_70_2.png,19
005_2115_aug_1329_0.png,5
012_4704_aug_1782_0.png,12
009_7381_aug_1103_0.png,9
018_6830_aug_101_0.png,18
039_259_original.png,39
052_4426_original.png,52
018_3698_aug_98_2.png,18
051_3009_aug_832_0.png,51
009_3346_aug_1090_0.png,9
089_2787 (1)_aug_4316_0.png,89
043_1827_aug_406_1.png,43
015_61_aug_1698_1.png,15
072_8904_aug_4154_2.png,72
017_8973_aug_1595_1.png,17
096_2665_aug_4255_1.png,96
005_4395_aug_1337_0.png,5
073_4114_original.png,73
075_9586_aug_4216_0.png,75
053_7153_aug_758_2.png,53
020_1839_aug_36_0.png,20
061_8213_aug_3115_1.png,61
020_7274_aug_49_1.png,20
090_6044_aug_4278_0.png,90
028_382_aug_208_1.png,28
088_4877_aug_4325_0.png,88
032_6770_aug_126_2.png,32
020_8513_aug_52_0.png,20
053_5420_aug_735_0.png,53
050_3589_aug_857_1.png,50
009_775_aug_1094_2.png,9
086_2399_original.png,86
053_6569_aug_731_1.png,53
032_9058_original.png,32
072_7179_aug_4129_0.png,72
008_2016_aug_1131_0.png,8
032_5661_aug_108_1.png,32
062_4326_aug_3093_0.png,62
064_2378_aug_3287_1.png,64
075_5237_original.png,75
071_4621_aug_3324_0.png,71
051_3795_aug_827_0.png,51
005_9104_aug_1396_1.png,5
008_2584_aug_1145_1.png,8
075_4430_aug_4243_2.png,75
009_7359_original.png,9
052_1372_aug_765_1.png,52
012_2726_aug_1787_2.png,12
048_8318_original.png,48
053_131_aug_729_2.png,53
089_4148_aug_4310_0.png,89
042_6106_original.png,42
029_7788_aug_185_0.png,29
020_1395_aug_33_0.png,20
029_8571_aug_180_2.png,29
061_1658_original.png,61
012_6099_original.png,12
013_7115_aug_1765_0.png,13
039_633_original.png,39
015_61_aug_1698_2.png,15
029_5961_aug_186_0.png,29
017_9465_original.png,17
009_6957_aug_1098_1.png,9
028_5599_aug_221_2.png,28
018_3351_original.png,18
038_1282_aug_511_1.png,38
014_6781_aug_1731_0.png,14
032_6063_aug_110_2.png,32
072_1305_aug_4120_1.png,72
090_4241_aug_4298_1.png,90
075_6736_original.png,75
029_4169_aug_179_0.png,29
096_302_aug_4249_2.png,96
042_2704_aug_682_0.png,42
052_5062_aug_808_2.png,52
049_7664_aug_895_1.png,49
053_2333_aug_722_0.png,53
041_9454_original.png,41
042_5808_original.png,42
021_2211_aug_4_0.png,21
008_3352_aug_1141_0.png,8
039_8136_aug_494_2.png,39
020_5805_original.png,20
085_3123_aug_4364_1.png,85
070_4667_aug_3310_0.png,70
009_6345_aug_1108_2.png,9
071_139_aug_3329_2.png,71
053_3273_aug_718_1.png,53
043_2569_original.png,43
008_3709_aug_1154_2.png,8
015_6607_aug_1695_1.png,15
021_7316_original.png,21
028_1559_aug_202_1.png,28
070_7877_original.png,70
001_1795_original.png,1
087_284_original.png,87
005_4608_aug_1380_2.png,5
090_5267_aug_4294_1.png,90
089_5096_aug_4317_2.png,89
018_9519_original.png,18
053_5211_original.png,53
041_6320_aug_421_1.png,41
049_8254_aug_892_1.png,49
018_7951_original.png,18
095_7088_original.png,95
042_2232_original.png,42
090_8128_aug_4285_1.png,90
009_7878_aug_1091_0.png,9
015_347_aug_1684_0.png,15
039_4391_aug_479_1.png,39
001_1205_aug_1013_1.png,1
019_2802_aug_55_1.png,19
052_5637_original.png,52
010_7785_aug_1041_0.png,10
013_8764_aug_1761_0.png,13
048_7159_aug_900_1.png,48
085_2501_aug_4367_0.png,85
014_8149_aug_1735_2.png,14
005_3870_original.png,5
052_1245_original.png,52
015_405_aug_1680_2.png,15
052_5201_aug_803_2.png,52
090_6044_aug_4278_2.png,90
052_1171_aug_771_2.png,52
061_7937_aug_3099_0.png,61
019_1442_original.png,19
017_3643_original.png,17
072_3977_original.png,72
053_7014_aug_761_0.png,53
052_457_aug_775_1.png,52
021_2172_aug_3_1.png,21
009_5345_aug_1067_1.png,9
052_5240_aug_802_2.png,52
029_5250_original.png,29
028_3743_aug_209_0.png,28
110_9628_aug_4246_1.png,110
009_1259_aug_1064_2.png,9
040_7846_original.png,40
020_637_aug_50_1.png,20
075_7425_aug_4229_0.png,75
086_7622_aug_4338_1.png,86
032_8741_aug_122_2.png,32
029_9170_aug_199_1.png,29
009_5747_original.png,9
021_4095_aug_19_1.png,21
015_5607_original.png,15
009_5148_original.png,9
014_7075_original.png,14
062_655_aug_3086_2.png,62
042_5153_aug_695_0.png,42
072_7179_aug_4129_2.png,72
075_4943_aug_4223_0.png,75
021_6036_aug_12_0.png,21
042_7752_aug_701_0.png,42
061_6520_aug_3104_1.png,61
017_7516_aug_1591_2.png,17
001_1851_aug_1033_2.png,1
009_1509_aug_1055_1.png,9
009_3254_original.png,9
008_2183_aug_1132_1.png,8
039_8248_aug_495_1.png,39
018_6053_aug_1553_1.png,18
005_1071_aug_1321_2.png,5
053_2603_aug_724_2.png,53
075_6454_aug_4237_2.png,75
086_1754_original.png,86
018_7951_aug_1561_1.png,18
089_210 (1)_aug_4318_1.png,89
012_4687_aug_1783_0.png,12
065_4151_aug_3339_1.png,65
005_2554_aug_1317_2.png,5
012_5780_original.png,12
071_3952_original.png,71
073_1008_aug_4166_2.png,73
051_7327_original.png,51
028_6377_original.png,28
039_2063_aug_468_1.png,39
052_7466_original.png,52
032_407_aug_115_2.png,32
053_344_aug_719_0.png,53
090_1302_aug_4274_2.png,90
052_2568_aug_783_1.png,52
072_4423_original.png,72
001_1224_original.png,1
005_42_aug_1344_1.png,5
070_1048_aug_3302_2.png,70
049_8198_aug_891_0.png,49
009_3708_aug_1086_0.png,9
001_1182_aug_1010_0.png,1
049_9214_aug_894_0.png,49
029_5961_aug_186_1.png,29
017_4662_original.png,17
065_2904_original.png,65
005_3797_original.png,5
042_2965_aug_678_1.png,42
051_4260_aug_824_2.png,51
021_3095_aug_0_2.png,21
085_1319_aug_4350_1.png,85
072_552_aug_4127_1.png,72
009_8807_original.png,9
020_5141_aug_45_0.png,20
030_4565_aug_139_0.png,30
005_4045_aug_1343_1.png,5
005_27_aug_1315_2.png,5
039_3700_aug_478_1.png,39
009_3184_aug_1083_2.png,9
052_5252_aug_804_0.png,52
005_5560_original.png,5
018_3519_original.png,18
012_4711_original.png,12
005_56_aug_1368_0.png,5
008_4163_aug_1165_1.png,8
028_3909_original.png,28
021_6133_original.png,21
013_4314_aug_1748_0.png,13
072_2719_aug_4139_1.png,72
018_3019_aug_91_1.png,18
043_8835_aug_412_0.png,43
013_7416_aug_1762_0.png,13
043_4271_original.png,43
050_6275_original.png,50
087_507_original.png,87
038_3486_aug_506_2.png,38
063_5686_aug_3261_1.png,63
028_6458_aug_224_0.png,28
017_3650_original.png,17
075_6602_aug_4227_1.png,75
009_1664_aug_1061_2.png,9
075_6061_original.png,75
005_8639_aug_1389_1.png,5
051_4260_aug_824_1.png,51
014_1907_aug_1716_1.png,14
040_7056_aug_453_0.png,40
052_9157_aug_813_1.png,52
096_9676_aug_4258_2.png,96
050_8736_original.png,50
053_964_aug_762_1.png,53
005_4200_aug_1341_1.png,5
050_9098_aug_874_1.png,50
019_2784_aug_56_0.png,19
032_4651_aug_114_0.png,32
009_7559_aug_1093_2.png,9
029_5242_aug_176_1.png,29
009_8981_aug_1119_2.png,9
090_3595_aug_4301_0.png,90
073_4536_aug_4159_2.png,73
041_7709_aug_434_1.png,41
043_2717_original.png,43
052_9055_aug_810_0.png,52
038_6395_aug_524_0.png,38
052_581_aug_801_2.png,52
041_8203_aug_418_0.png,41
074_821_original.png,74
039_7856_aug_482_2.png,39
014_2852_aug_1713_1.png,14
089_1126_aug_4309_1.png,89
001_1161_aug_1007_1.png,1
005_8605_aug_1387_0.png,5
089_3675 (1)_aug_4315_1.png,89
005_2554_aug_1317_0.png,5
019_1930_aug_58_2.png,19
063_3730_aug_3271_0.png,63
032_4703_original.png,32
052_1304_aug_768_0.png,52
064_5576_aug_3290_0.png,64
080_2758_aug_4465_0.png,80
088_321_aug_4323_2.png,88
086_4244_original.png,86
049_5428_original.png,49
052_9055_aug_810_2.png,52
009_5256_aug_1069_2.png,9
005_9099_aug_1393_1.png,5
051_661_aug_841_1.png,51
089_2787_aug_4308_0.png,89
075_9586_aug_4216_2.png,75
072_5072_aug_4130_0.png,72
021_3095_aug_0_1.png,21
009_868_aug_1120_2.png,9
018_2854_aug_75_0.png,18
020_7803_aug_44_1.png,20
010_9322_aug_1042_0.png,10
032_8901_aug_132_0.png,32
064_5576_aug_3290_2.png,64
085_183_aug_4368_0.png,85
014_7654_aug_1737_1.png,14
062_8693_original.png,62
062_1411_original.png,62
039_6916_original.png,39
013_4027_aug_1751_1.png,13
009_628_aug_1114_2.png,9
049_2707_original.png,49
021_4108_original.png,21
075_5018_original.png,75
085_102_original.png,85
018_3019_aug_91_0.png,18
029_8653_aug_195_2.png,29
012_150_aug_1768_0.png,12
008_1310_original.png,8
064_2378_original.png,64
032_9058_aug_131_2.png,32
028_7072_aug_218_0.png,28
065_3548_aug_3338_0.png,65
042_836_aug_702_1.png,42
065_122_aug_4002_0.png,65
040_1366_aug_436_2.png,40
032_3809_aug_116_2.png,32
090_3195_aug_4271_0.png,90
052_581_aug_801_1.png,52
090_5114_original.png,90
010_9496_aug_1045_2.png,10
088_8839_aug_4322_2.png,88
012_1388_aug_1769_1.png,12
043_8835_aug_412_2.png,43
017_7554_original.png,17
053_2603_aug_724_0.png,53
009_2409_original.png,9
012_1368_aug_1772_2.png,12
018_2546_original.png,18
070_7877_aug_3303_1.png,70
012_5925_original.png,12
071_8273_aug_3322_2.png,71
039_259_aug_475_1.png,39
073_4114_aug_4161_2.png,73
013_634_original.png,13
041_4138_aug_428_2.png,41
075_4817_aug_4222_0.png,75
088_8086_aug_4320_2.png,88
032_8681_aug_121_0.png,32
087_507_aug_4329_0.png,87
020_7719_original.png,20
096_7456_aug_4253_1.png,96
020_5057_aug_30_2.png,20
029_5250_aug_177_1.png,29
005_8620_aug_1390_0.png,5
061_8213_aug_3115_2.png,61
088_1070_aug_4321_0.png,88
009_7098_aug_1097_2.png,9
008_4971_original.png,8
040_3079_aug_446_2.png,40
085_2563_original.png,85
089_3675_aug_4304_0.png,89
092_1029_original.png,92
014_601_aug_1725_1.png,14
089_210_aug_4307_0.png,89
062_7140_original.png,62
009_1489_aug_1047_2.png,9
001_1786_aug_1031_2.png,1
063_5686_aug_3261_2.png,63
001_1300_aug_1025_0.png,1
028_1492_aug_203_2.png,28
001_1218_original.png,1
015_1472_aug_1671_0.png,15
064_1272_aug_3280_2.png,64
008_1309_original.png,8
005_8557_aug_1395_0.png,5
009_6856_original.png,9
029_7730_original.png,29
018_9690_aug_1566_1.png,18
009_7359_aug_1104_1.png,9
014_8149_aug_1735_1.png,14
009_628_original.png,9
018_3967_original.png,18
009_3375_aug_1087_2.png,9
039_8879_aug_499_0.png,39
049_8526_aug_890_2.png,49
048_7159_aug_900_2.png,48
001_18_aug_1034_1.png,1
061_6651_aug_3112_0.png,61
005_8620_original.png,5
012_5954_original.png,12
040_228_aug_451_2.png,40
073_3027_original.png,73
001_1284_aug_1028_0.png,1
013_5911_aug_1759_2.png,13
018_2854_original.png,18
072_9357_aug_4148_0.png,72
029_4169_aug_179_1.png,29
074_821_aug_3293_0.png,74
065_1292_aug_4001_1.png,65
005_8788_aug_1398_0.png,5
062_3867_aug_3068_2.png,62
075_9574_aug_4215_1.png,75
001_1220_aug_1002_1.png,1
015_4032_aug_1678_0.png,15
030_3365_aug_143_1.png,30
051_9461_original.png,51
039_1356_original.png,39
038_1034_aug_512_0.png,38
072_8904_aug_4154_1.png,72
019_4112_aug_63_2.png,19
052_3087_aug_785_1.png,52
061_6520_original.png,61
009_838_original.png,9
032_4651_aug_114_2.png,32
029_1964_aug_163_0.png,29
005_1728_aug_1325_1.png,5
040_6764_aug_458_0.png,40
001_1415_original.png,1
092_2766_original.png,92
090_9233_aug_4287_1.png,90
014_1326_aug_1708_2.png,14
009_1437_aug_1065_2.png,9
018_3008_aug_89_0.png,18
029_5918_aug_172_2.png,29
064_2378_aug_3287_0.png,64
005_8605_aug_1387_2.png,5
038_412_original.png,38
040_7846_aug_461_0.png,40
030_1586_aug_137_1.png,30
038_6396_original.png,38
070_8133_aug_3304_2.png,70
005_2056_original.png,5
029_1418_aug_166_0.png,29
039_6916_aug_485_1.png,39
052_62_aug_794_0.png,52
050_6275_aug_869_1.png,50
018_2223_aug_77_0.png,18
090_4241_aug_4298_2.png,90
001_1792_aug_1035_2.png,1
018_5015_aug_1552_0.png,18
038_1894_aug_509_0.png,38
009_9577_aug_1117_0.png,9
053_5211_aug_737_1.png,53
049_1499_aug_878_0.png,49
019_1183_original.png,19
042_4612_aug_693_1.png,42
001_1089_aug_1000_1.png,1
072_7179_aug_4129_1.png,72
020_560_original.png,20
005_2791_aug_1358_0.png,5
051_3795_aug_827_1.png,51
090_4919_original.png,90
052_7017_aug_823_0.png,52
062_2179_aug_3070_1.png,62
015_3464_aug_1664_1.png,15
073_3749_original.png,73
072_1643_aug_4125_1.png,72
019_1442_aug_61_1.png,19
049_8198_aug_891_1.png,49
015_1472_original.png,15
032_4270_aug_117_0.png,32
086_2399_aug_4349_0.png,86
005_1728_aug_1325_2.png,5
065_3609_aug_3336_2.png,65
009_3903_aug_1076_1.png,9
070_8772_aug_3315_2.png,70
049_8198_original.png,49
070_1481_aug_3300_1.png,70
052_1171_aug_771_1.png,52
014_2455_original.png,14
075_5018_aug_4221_1.png,75
021_1672_aug_8_0.png,21
053_5323_original.png,53
017_7025_aug_1589_1.png,17
009_868_aug_1120_1.png,9
005_2850_aug_1354_0.png,5
072_4697_aug_4132_1.png,72
075_8890_aug_4210_2.png,75
042_7949_aug_704_2.png,42
008_1611_aug_1135_1.png,8
015_5607_aug_1673_2.png,15
005_8873_aug_1392_0.png,5
017_3115_aug_1578_2.png,17
075_6061_aug_4240_1.png,75
005_4200_aug_1341_2.png,5
009_775_aug_1094_1.png,9
073_3866_aug_4160_2.png,73
028_2492_aug_211_2.png,28
089_1343 (1)_aug_4314_1.png,89
087_284_aug_4330_1.png,87
001_18_aug_1034_2.png,1
005_1777_original.png,5
021_5572_aug_11_2.png,21
021_4487_aug_17_2.png,21
038_5865_aug_526_0.png,38
070_1481_aug_3300_0.png,70
015_1729_aug_1668_1.png,15
028_523_original.png,28
063_4029_aug_3268_0.png,63
063_8820_aug_3276_1.png,63
015_6763_aug_1688_2.png,15
050_6328_original.png,50
029_8759_original.png,29
052_4300_aug_777_2.png,52
052_5637_aug_799_1.png,52
041_5216_aug_430_2.png,41
029_175_original.png,29
008_3745_aug_1157_0.png,8
028_7086_aug_219_1.png,28
089_7337_aug_4312_2.png,89
052_6064_aug_795_1.png,52
062_504_aug_3064_1.png,62
014_6585_original.png,14
018_3764_original.png,18
061_8946_original.png,61
009_3723_aug_1082_0.png,9
013_634_aug_1764_1.png,13
052_6962_aug_817_0.png,52
052_7017_original.png,52
086_7622_aug_4338_2.png,86
008_3352_aug_1141_1.png,8
009_3891_aug_1077_1.png,9
039_7856_original.png,39
052_5201_aug_803_1.png,52
020_8210_aug_41_2.png,20
062_1937_aug_3074_1.png,62
020_8513_aug_52_1.png,20
050_8580_original.png,50
009_5714_aug_1110_2.png,9
005_626_original.png,5
016_191_aug_1596_1.png,16
005_3878_original.png,5
042_5153_original.png,42
062_4326_original.png,62
009_7776_aug_1092_0.png,9
042_4612_aug_693_2.png,42
009_2777_original.png,9
021_9127_aug_28_2.png,21
001_1226_original.png,1
009_7098_original.png,9
049_2707_aug_877_2.png,49
001_1764_original.png,1
030_3365_aug_143_2.png,30
032_3809_aug_116_1.png,32
075_3042_aug_4201_2.png,75
016_1184_aug_1598_1.png,16
016_1862_original.png,16
052_5931_aug_798_0.png,52
061_6651_original.png,61
042_8997_original.png,42
005_1777_aug_1328_2.png,5
021_8242_original.png,21
009_732_original.png,9
075_5724_aug_4238_0.png,75
005_6672_aug_1362_2.png,5
086_5807_aug_4346_2.png,86
052_3082_aug_787_2.png,52
019_4072_aug_62_2.png,19
008_3960_original.png,8
052_5927_original.png,52
089_7337_original.png,89
075_1162_aug_4193_0.png,75
030_2856_aug_142_0.png,30
005_2115_aug_1329_2.png,5
050_3589_aug_857_0.png,50
065_3412_original.png,65
009_4320_aug_1075_2.png,9
052_1459_aug_784_1.png,52
028_523_aug_225_0.png,28
043_252_aug_407_1.png,43
072_4423_aug_4136_0.png,72
012_1076_aug_1771_1.png,12
063_8820_original.png,63
019_5424_aug_70_0.png,19
063_8929_original.png,63
063_4029_aug_3268_2.png,63
008_3745_original.png,8
050_6167_aug_850_0.png,50
044_3520_original.png,44
013_8764_aug_1761_2.png,13
001_1169_aug_1006_1.png,1
029_3522_aug_161_2.png,29
039_9435_aug_504_2.png,39
015_3721_aug_1682_0.png,15
029_7913_aug_184_1.png,29
005_8855_original.png,5
005_3995_aug_1342_1.png,5
012_660_aug_1778_0.png,12
073_3866_original.png,73
043_4188_original.png,43
029_3015_aug_169_1.png,29
029_175_aug_168_2.png,29
014_499_original.png,14
086_2065_aug_4348_1.png,86
062_8887_aug_3082_0.png,62
020_850_aug_53_1.png,20
061_2925_original.png,61
017_4071_original.png,17
075_1004_aug_4195_1.png,75
075_4817_original.png,75
018_6830_aug_101_2.png,18
062_4280_aug_3092_1.png,62
087_6531_aug_4331_1.png,87
052_9055_aug_810_1.png,52
018_6274_aug_1548_1.png,18
072_2859_original.png,72
030_3916_original.png,30
005_1983_original.png,5
075_7365_original.png,75
009_4641_aug_1071_2.png,9
028_1492_original.png,28
053_9635_aug_746_1.png,53
071_9319_aug_3334_1.png,71
029_9441_aug_201_2.png,29
070_9659_original.png,70
008_3313_aug_1143_0.png,8
030_6298_original.png,30
001_1790_original.png,1
089_2787_aug_4308_2.png,89
041_2588_original.png,41
005_6027_aug_1371_0.png,5
030_6373_aug_153_2.png,30
019_1930_aug_58_0.png,19
090_6512_original.png,90
001_1205_aug_1013_0.png,1
050_6328_aug_867_2.png,50
020_7803_aug_44_0.png,20
072_1836_original.png,72
053_225_aug_721_0.png,53
050_9098_aug_874_0.png,50
038_7720_original.png,38
089_210 (1)_aug_4318_2.png,89
043_4188_aug_400_2.png,43
009_9421_original.png,9
032_6756_original.png,32
072_3200_aug_4141_1.png,72
039_8329_aug_502_1.png,39
028_6451_aug_226_0.png,28
089_2372 (1)_aug_4313_2.png,89
005_6354_aug_1363_1.png,5
005_4200_aug_1341_0.png,5
053_880_aug_747_0.png,53
043_8337_original.png,43
020_8210_aug_41_1.png,20
051_4557_aug_828_2.png,51
001_1790_aug_1032_1.png,1
052_9332_original.png,52
085_2937_original.png,85
061_4205_aug_3100_2.png,61
029_5672_aug_174_1.png,29
040_6764_aug_458_1.png,40
015_7768_original.png,15
009_3604_original.png,9
043_3331_original.png,43
032_703_aug_124_2.png,32
071_8397_aug_3333_2.png,71
050_6636_aug_868_0.png,50
051_3542_aug_829_0.png,51
001_1220_original.png,1
038_221_aug_508_0.png,38
053_1730_original.png,53
061_8946_aug_3113_0.png,61
009_9473_aug_1115_0.png,9
030_2750_aug_145_2.png,30
028_5599_aug_221_1.png,28
001_1203_aug_1009_1.png,1
014_802_aug_1742_1.png,14
005_3739_aug_1351_2.png,5
028_6076_aug_222_1.png,28
009_8793_aug_1127_0.png,9
090_6714_aug_4280_0.png,90
070_1286_original.png,70
018_9360_original.png,18
039_1543_aug_465_0.png,39
039_7562_aug_480_2.png,39
009_3708_original.png,9
015_6763_aug_1688_0.png,15
009_7359_aug_1104_0.png,9
009_694_aug_1100_2.png,9
020_8513_original.png,20
041_8053_aug_420_2.png,41
071_5660_aug_3323_1.png,71
019_8721_aug_72_1.png,19
028_6377_aug_227_0.png,28
015_6000_aug_1672_1.png,15
075_8134_original.png,75
049_2759_original.png,49
075_8890_aug_4210_1.png,75
009_5256_aug_1069_1.png,9
061_8213_aug_3115_0.png,61
020_1577_aug_29_1.png,20
021_8728_aug_21_1.png,21
074_9740_aug_3296_1.png,74
071_8074_aug_3321_0.png,71
089_1126_aug_4309_2.png,89
014_1652_aug_1718_1.png,14
073_8101_original.png,73
052_2161_original.png,52
018_8076_original.png,18
065_3246_original.png,65
073_8859_aug_4168_1.png,73
062_7140_aug_3085_0.png,62
014_2455_aug_1714_2.png,14
020_406_aug_31_0.png,20
018_4281_aug_88_1.png,18
049_8198_aug_891_2.png,49
019_8816_aug_66_2.png,19
015_6000_original.png,15
053_7896_aug_757_0.png,53
038_1986_aug_510_2.png,38
062_2179_aug_3070_2.png,62
017_3643_aug_1580_1.png,17
005_1037_aug_1323_1.png,5
071_8074_aug_3321_1.png,71
053_862_aug_754_0.png,53
080_2758_aug_4465_1.png,80
052_1372_aug_765_0.png,52
042_6496_original.png,42
041_3703_original.png,41
071_9319_aug_3334_2.png,71
085_1397_aug_4357_1.png,85
018_9673_aug_1568_0.png,18
070_5498_aug_3307_0.png,70
052_1044_aug_767_1.png,52
039_7436_aug_493_1.png,39
020_7274_aug_49_2.png,20
001_1224_aug_1026_2.png,1
039_3700_aug_478_0.png,39
052_581_original.png,52
075_2148_aug_4207_1.png,75
049_1499_aug_878_1.png,49
005_4608_aug_1380_1.png,5
001_18_original.png,1
053_3987_aug_745_1.png,53
070_3368_original.png,70
009_1437_aug_1065_0.png,9
041_2388_aug_424_1.png,41
013_1849_aug_1755_1.png,13
085_1019_aug_4356_1.png,85
017_3650_aug_1576_2.png,17
052_7865_aug_821_0.png,52
092_9685_aug_4263_0.png,92
075_9757_aug_4212_2.png,75
048_8318_aug_899_1.png,48
014_2382_aug_1715_0.png,14
009_403_aug_1078_2.png,9
051_661_original.png,51
074_8601_aug_3295_2.png,74
039_8329_aug_502_2.png,39
039_3700_original.png,39
005_5129_original.png,5
014_1117_aug_1720_1.png,14
051_3469_original.png,51
053_1604_aug_726_1.png,53
005_4719_aug_1379_1.png,5
028_444_aug_204_2.png,28
050_7085_aug_863_2.png,50
015_5427_aug_1675_0.png,15
092_1029_aug_4267_0.png,92
008_3310_original.png,8
062_6433_original.png,62
005_1052_aug_1332_1.png,5
019_8721_aug_72_0.png,19
009_7601_aug_1126_1.png,9
090_7521_original.png,90
072_426_aug_4134_0.png,72
028_2349_aug_212_1.png,28
064_698_original.png,64
008_2269_aug_1137_1.png,8
019_1183_aug_60_2.png,19
065_2904_aug_3344_1.png,65
052_4550_aug_776_1.png,52
075_7047_aug_4226_1.png,75
001_1336_aug_1019_0.png,1
010_9751_aug_1044_0.png,10
071_8278_aug_3325_0.png,71
021_2675_aug_2_2.png,21
013_500_aug_1750_2.png,13
096_2665_aug_4255_0.png,96
075_5215_aug_4236_2.png,75
018_4888_aug_84_0.png,18
020_7719_aug_42_1.png,20
090_3773_original.png,90
014_4701_aug_1711_2.png,14
020_3362_aug_38_2.png,20
005_2791_original.png,5
041_2164_aug_427_2.png,41
041_1154_aug_417_0.png,41
040_3122_aug_444_2.png,40
030_4856_aug_141_2.png,30
052_8398_aug_819_1.png,52
075_1875_original.png,75
016_191_aug_1596_2.png,16
032_3547_original.png,32
009_7922_aug_1128_1.png,9
032_1297_aug_104_2.png,32
001_1102_aug_1012_1.png,1
051_771_aug_839_2.png,51
008_2513_aug_1148_1.png,8
008_2989_aug_1151_1.png,8
072_2719_original.png,72
016_1862_aug_1597_2.png,16
015_6763_aug_1688_1.png,15
019_6289_aug_71_0.png,19
005_5964_aug_1375_0.png,5
075_4943_original.png,75
052_6064_aug_795_0.png,52
029_4169_aug_179_2.png,29
096_9676_aug_4258_1.png,96
048_6219_aug_903_2.png,48
041_1448_aug_423_2.png,41
001_18_aug_1034_0.png,1
005_2442_original.png,5
017_2880_original.png,17
039_7856_aug_482_1.png,39
028_6377_aug_227_2.png,28
021_6036_aug_12_1.png,21
072_8904_original.png,72
008_3460_aug_1140_0.png,8
041_5216_original.png,41
074_9740_original.png,74
039_1033_original.png,39
053_5958_original.png,53
005_8604_aug_1388_0.png,5
051_2487_aug_831_1.png,51
075_4817_aug_4222_1.png,75
050_8277_aug_862_1.png,50
086_2065_aug_4348_2.png,86
028_7086_aug_219_2.png,28
053_5082_aug_739_2.png,53
028_2492_aug_211_1.png,28
052_1044_original.png,52
018_4888_aug_84_1.png,18
001_1161_original.png,1
028_6416_aug_229_1.png,28
005_3554_aug_1361_0.png,5
018_9641_aug_1569_0.png,18
052_9596_original.png,52
075_5229_aug_4224_2.png,75
086_2066_aug_4347_0.png,86
009_3375_original.png,9
086_4166_original.png,86
038_7463_aug_516_2.png,38
029_6020_aug_190_1.png,29
009_3254_aug_1048_0.png,9
075_6736_aug_4225_1.png,75
028_3387_original.png,28
020_6931_original.png,20
040_2647_aug_448_1.png,40
008_3787_aug_1156_2.png,8
089_1343_original.png,89
005_3270_aug_1352_0.png,5
018_8576_aug_1556_2.png,18
005_2347_original.png,5
012_3805_original.png,12
072_3562_aug_4145_0.png,72
005_8557_original.png,5
085_1234_aug_4354_2.png,85
090_8128_aug_4285_2.png,90
028_3909_aug_206_2.png,28
063_4085_aug_3266_2.png,63
052_3819_aug_778_1.png,52
009_3903_aug_1076_0.png,9
053_6157_aug_730_2.png,53
020_3362_original.png,20
009_6086_aug_1066_0.png,9
050_1529_aug_849_2.png,50
041_6320_aug_421_2.png,41
029_893_aug_200_1.png,29
015_2893_aug_1663_0.png,15
062_3867_aug_3068_1.png,62
005_2494_aug_1357_1.png,5
005_6891_aug_1365_1.png,5
062_8778_original.png,62
053_862_original.png,53
008_3352_aug_1141_2.png,8
009_6189_aug_1113_2.png,9
005_5469_original.png,5
005_5129_aug_1378_0.png,5
015_1472_aug_1671_1.png,15
018_4154_aug_100_1.png,18
041_3703_aug_429_1.png,41
005_2347_aug_1320_1.png,5
053_4381_aug_741_2.png,53
040_6505_aug_454_0.png,40
005_3995_aug_1342_2.png,5
005_349_aug_1360_0.png,5
020_3204_aug_37_0.png,20
040_3036_aug_450_0.png,40
029_6082_aug_192_1.png,29
029_6082_original.png,29
062_7897_aug_3078_1.png,62
052_3082_aug_787_1.png,52
021_5797_aug_14_2.png,21
020_3628_original.png,20
063_1581_original.png,63
014_9436_aug_1745_0.png,14
028_6076_original.png,28
008_2584_aug_1145_2.png,8
086_1408_aug_4336_1.png,86
040_3175_original.png,40
065_4185_aug_3335_1.png,65
039_6483_original.png,39
063_63_original.png,63
019_5528_aug_68_0.png,19
015_8280_aug_1700_1.png,15
040_4480_aug_442_1.png,40
090_3448_aug_4270_2.png,90
090_99_aug_4276_2.png,90
073_1008_original.png,73
096_4329_original.png,96
049_104_original.png,49
089_1343 (1)_aug_4314_2.png,89
029_5699_original.png,29
014_9436_aug_1745_2.png,14
030_2278_original.png,30
044_3520_aug_396_2.png,44
009_6807_aug_1109_0.png,9
017_8714_aug_1593_0.png,17
009_8793_aug_1127_2.png,9
008_2500_aug_1147_1.png,8
009_3184_aug_1083_1.png,9
085_1019_original.png,85
075_535_aug_4235_0.png,75
053_467_original.png,53
008_4309_aug_1162_2.png,8
062_2941_aug_3075_0.png,62
052_9406_original.png,52
075_1875_aug_4196_1.png,75
090_4386_aug_4291_0.png,90
014_2852_aug_1713_0.png,14
009_182_aug_1059_1.png,9
001_1336_aug_1019_1.png,1
050_8824_original.png,50
053_3185_aug_720_2.png,53
088_8086_aug_4320_0.png,88
052_581_aug_801_0.png,52
050_9103_aug_872_0.png,50
053_880_aug_747_1.png,53
013_3494_aug_1754_1.png,13
005_6891_aug_1365_2.png,5
063_5336_aug_3262_1.png,63
019_5528_aug_68_2.png,19
063_7320_aug_3277_0.png,63
042_6496_aug_687_2.png,42
052_3770_aug_779_1.png,52
032_4739_original.png,32
009_1323_original.png,9
089_2372 (1)_original.png,89
040_4480_original.png,40
018_6532_aug_102_1.png,18
030_1586_aug_137_0.png,30
015_936_original.png,15
015_6768_aug_1697_2.png,15
005_9059_aug_1383_0.png,5
032_1297_aug_104_0.png,32
075_8947_aug_4211_0.png,75
015_6768_aug_1697_0.png,15
017_3115_original.png,17
029_8016_aug_181_2.png,29
014_9195_aug_1746_2.png,14
050_6167_aug_850_2.png,50
053_8697_original.png,53
028_6360_aug_223_2.png,28
070_1541_aug_3299_0.png,70
042_1882_aug_685_2.png,42
052_5062_aug_808_1.png,52
018_9360_aug_1564_2.png,18
052_5062_original.png,52
009_9473_aug_1115_1.png,9
075_2178_aug_4208_1.png,75
039_6956_aug_484_2.png,39
029_1137_aug_165_0.png,29
015_2893_aug_1663_1.png,15
005_5998_aug_1372_2.png,5
053_7014_aug_761_2.png,53
029_1418_aug_166_1.png,29
071_3952_aug_3331_2.png,71
029_7215_aug_191_0.png,29
049_7090_aug_893_0.png,49
090_4241_aug_4298_0.png,90
061_3155_aug_3108_2.png,61
090_3773_aug_4299_0.png,90
053_7153_original.png,53
053_7927_aug_755_0.png,53
049_6388_original.png,49
075_212_aug_4204_1.png,75
052_7777_aug_822_1.png,52
061_1658_aug_3109_0.png,61
005_620_aug_1364_2.png,5
017_9341_original.png,17
014_601_original.png,14
049_6913_aug_880_2.png,49
015_6000_aug_1672_2.png,15
001_1774_aug_1030_2.png,1
051_2779_aug_835_2.png,51
070_8772_original.png,70
074_3361_aug_3297_0.png,74
032_6979_original.png,32
001_1786_aug_1031_0.png,1
029_9170_aug_199_0.png,29
053_8856_original.png,53
039_9435_aug_504_1.png,39
008_209_aug_1139_0.png,8
090_3448_aug_4270_0.png,90
039_3923_aug_474_0.png,39
061_7234_aug_3097_2.png,61
043_4172_aug_403_2.png,43
086_8177_original.png,86
001_1330_aug_1020_2.png,1
013_2015_original.png,13
075_6181_aug_4241_1.png,75
051_2779_original.png,51
096_3150_original.png,96
029_7730_aug_183_0.png,29
001_186_aug_1029_1.png,1
008_209_original.png,8
075_5636_aug_4231_0.png,75
012_1331_aug_1770_0.png,12
042_1882_aug_685_0.png,42
050_9098_original.png,50
053_880_aug_747_2.png,53
086_1119_aug_4335_0.png,86
009_470_original.png,9
008_2183_aug_1132_2.png,8
020_406_aug_31_1.png,20
075_8134_aug_4239_1.png,75
090_3595_aug_4301_1.png,90
090_99_original.png,90
015_2346_aug_1670_0.png,15
008_3960_aug_1164_1.png,8
005_2850_aug_1354_1.png,5
005_4448_original.png,5
052_9406_aug_809_1.png,52
061_3155_original.png,61
028_2225_aug_214_1.png,28
040_8706_original.png,40
075_9586_aug_4216_1.png,75
075_2316_aug_4205_0.png,75
053_4020_original.png,53
030_1586_aug_137_2.png,30
052_5960_original.png,52
009_2701_original.png,9
014_6577_original.png,14
005_4142_aug_1349_0.png,5
009_6854_aug_1105_2.png,9
087_5627_aug_4328_2.png,87
005_2547_aug_1356_0.png,5
029_8339_aug_197_0.png,29
040_3521_aug_452_1.png,40
013_1849_aug_1755_0.png,13
009_3891_original.png,9
075_6061_aug_4240_0.png,75
064_1272 (1)_original.png,64
042_6743_aug_686_2.png,42
039_8944_aug_501_1.png,39
041_2388_aug_424_0.png,41
053_8307_original.png,53
075_7365_aug_4228_0.png,75
009_7152_aug_1096_0.png,9
053_8307_aug_751_2.png,53
075_1998_aug_4197_1.png,75
052_1308_aug_766_1.png,52
005_2756_aug_1359_2.png,5
085_1397_aug_4357_2.png,85
005_6354_original.png,5
073_1008_aug_4166_1.png,73
042_2825_aug_679_1.png,42
040_1201_aug_439_2.png,40
016_191_aug_1596_0.png,16
030_6298_aug_158_2.png,30
065_3317_aug_3342_0.png,65
014_6397_original.png,14
005_6891_original.png,5
028_3847_original.png,28
005_2681_original.png,5
015_4615_aug_1677_2.png,15
009_3346_original.png,9
073_3027_aug_4165_0.png,73
092_8757_aug_4262_2.png,92
041_3790_aug_422_0.png,41
040_8739_aug_460_2.png,40
018_6635_aug_1560_1.png,18
063_4158_aug_3265_2.png,63
075_7425_original.png,75
009_8807_aug_1122_0.png,9
062_4326_aug_3093_1.png,62
018_3967_aug_86_2.png,18
041_7709_aug_434_0.png,41
039_3700_aug_478_2.png,39
014_5732_original.png,14
018_9519_aug_1565_2.png,18
096_302_aug_4249_1.png,96
017_4656_original.png,17
049_4643_aug_888_2.png,49
049_6913_aug_880_1.png,49
072_2216_aug_4147_0.png,72
072_1517_aug_4123_0.png,72
032_4739_aug_113_1.png,32
064_4052_original.png,64
096_287_aug_4252_1.png,96
029_5242_original.png,29
049_6913_original.png,49
040_9277_original.png,40
012_4711_aug_1781_2.png,12
009_7922_original.png,9
005_5691_aug_1373_1.png,5
070_1048_aug_3302_0.png,70
005_8605_original.png,5
072_2859_aug_4140_1.png,72
053_489_aug_744_0.png,53
072_3616_aug_4143_0.png,72
020_3204_aug_37_2.png,20
018_3351_aug_95_0.png,18
049_5645_aug_883_0.png,49
005_8788_original.png,5
048_6088_aug_902_1.png,48
053_7927_original.png,53
090_8558_aug_4288_0.png,90
018_3240_original.png,18
013_1595_aug_1757_1.png,13
043_9171_aug_409_2.png,43
008_3460_original.png,8
062_4401_aug_3065_1.png,62
053_2610_aug_723_0.png,53
009_3903_aug_1076_2.png,9
075_8327_original.png,75
015_6000_aug_1672_0.png,15
015_6967_aug_1691_0.png,15
096_287_aug_4252_0.png,96
017_2880_aug_1575_2.png,17
018_4021_aug_87_2.png,18
008_2500_original.png,8
092_8757_aug_4262_0.png,92
052_4550_aug_776_0.png,52
041_5524_aug_431_1.png,41
020_2634_aug_39_2.png,20
052_1459_aug_784_0.png,52
070_5178_aug_3308_2.png,70
014_9195_aug_1746_0.png,14
017_8714_aug_1593_1.png,17
021_4108_aug_18_0.png,21
090_6260_aug_4279_2.png,90
005_976_aug_1385_0.png,5
005_8620_aug_1390_1.png,5
039_1033_aug_470_1.png,39
090_5114_aug_4292_2.png,90
039_3803_original.png,39
072_9032_original.png,72
032_176_aug_106_0.png,32
049_452_aug_887_1.png,49
090_4544_aug_4296_2.png,90
005_6672_aug_1362_0.png,5
015_6205_original.png,15
086_7622_original.png,86
072_1002_aug_4124_0.png,72
017_3420_original.png,17
050_9103_original.png,50
062_6546_original.png,62
017_3585_aug_1579_0.png,17
049_5172_aug_886_2.png,49
015_6967_aug_1691_1.png,15
005_2681_aug_1316_2.png,5
013_4314_aug_1748_2.png,13
061_3905_aug_3105_2.png,61
075_7047_aug_4226_0.png,75
029_5961_original.png,29
052_4627_aug_773_2.png,52
008_3460_aug_1140_2.png,8
015_7675_aug_1693_0.png,15
090_7521_aug_4282_0.png,90
053_880_original.png,53
020_2634_aug_39_1.png,20
065_2716_aug_3345_1.png,65
005_976_aug_1385_2.png,5
005_2681_aug_1316_0.png,5
043_4188_aug_400_0.png,43
008_2016_original.png,8
064_2929_aug_3289_0.png,64
014_5659_aug_1726_0.png,14
005_1287_aug_1333_2.png,5
029_5902_aug_173_2.png,29
070_961_aug_3316_2.png,70
042_8997_aug_700_2.png,42
009_5233_aug_1070_0.png,9
005_56_aug_1368_1.png,5
072_9032_aug_4149_0.png,72
096_8958_aug_4259_1.png,96
008_4587_aug_1159_2.png,8
053_6569_original.png,53
014_7439_original.png,14
015_1296_original.png,15
051_3009_aug_832_1.png,51
040_1201_aug_439_1.png,40
009_1259_aug_1064_0.png,9
017_3585_original.png,17
043_2717_aug_405_0.png,43
014_5309_aug_1723_2.png,14
008_4113_aug_1161_1.png,8
008_2269_aug_1137_2.png,8
005_6725_aug_1366_2.png,5
018_9673_aug_1568_2.png,18
005_4719_aug_1379_2.png,5
065_4104_original.png,65
009_1259_original.png,9
010_7785_aug_1041_2.png,10
039_9086_aug_497_1.png,39
009_1769_aug_1057_2.png,9
005_5998_aug_1372_1.png,5
039_1356_aug_471_2.png,39
053_7927_aug_755_1.png,53
041_9454_aug_432_1.png,41
005_1071_original.png,5
015_876_original.png,15
052_4585_original.png,52
053_7896_aug_757_2.png,53
005_5560_aug_1369_1.png,5
039_5332_aug_489_0.png,39
032_176_aug_106_1.png,32
070_833_aug_3319_0.png,70
001_186_original.png,1
096_5504_aug_4256_2.png,96
051_3009_original.png,51
040_5588_original.png,40
040_5614_original.png,40
063_1581_aug_3270_2.png,63
090_6714_original.png,90
090_9483_original.png,90
015_1470_original.png,15
050_3589_original.png,50
029_8339_original.png,29
001_1762_aug_1040_2.png,1
018_8143_original.png,18
030_3189_original.png,30
062_7624_original.png,62
001_1300_aug_1025_1.png,1
020_1617_aug_35_1.png,20
042_2113_aug_684_2.png,42
070_8772_aug_3315_1.png,70
075_6454_aug_4237_0.png,75
039_8151_aug_496_1.png,39
001_186_aug_1029_2.png,1
071_6105_original.png,71
041_3413_aug_425_2.png,41
052_7777_aug_822_0.png,52
062_7897_original.png,62
008_4961_aug_1153_0.png,8
043_3331_aug_401_0.png,43
001_1753_aug_1039_1.png,1
008_3578_aug_1149_0.png,8
017_2878_aug_1570_2.png,17
014_4701_aug_1711_1.png,14
040_5346_aug_441_1.png,40
061_3155_aug_3108_0.png,61
012_6099_aug_1775_1.png,12
030_5994_aug_157_2.png,30
009_8981_aug_1119_0.png,9
012_1076_original.png,12
075_7425_aug_4229_2.png,75
072_7263_aug_4153_2.png,72
009_5345_aug_1067_2.png,9
029_3522_aug_161_1.png,29
013_8564_aug_1760_1.png,13
030_534_original.png,30
015_9335_aug_1701_1.png,15
009_7455_original.png,9
053_5493_aug_736_2.png,53
013_4549_aug_1766_0.png,13
050_6275_aug_869_2.png,50
061_5398_aug_3101_2.png,61
050_4073_aug_851_1.png,50
009_3598_aug_1085_0.png,9
085_2901_original.png,85
001_1336_original.png,1
018_1269_aug_79_0.png,18
042_4004_aug_694_2.png,42
029_7788_aug_185_2.png,29
052_3062_aug_786_1.png,52
074_821_aug_3293_2.png,74
014_5429_aug_1721_0.png,14
014_1047_aug_1719_0.png,14
028_1559_aug_202_2.png,28
038_1282_aug_511_0.png,38
008_3709_original.png,8
043_9171_aug_409_1.png,43
008_3313_original.png,8
038_1986_original.png,38
065_2731_aug_3346_1.png,65
009_3604_aug_1081_1.png,9
009_2701_aug_1049_2.png,9
043_2717_aug_405_1.png,43
053_5420_aug_735_2.png,53
064_1272 (1)_aug_3285_0.png,64
042_2113_aug_684_1.png,42
018_645_aug_1549_2.png,18
065_1292_aug_4001_0.png,65
043_4271_aug_408_1.png,43
032_8741_aug_122_1.png,32
042_6280_aug_688_0.png,42
072_2216_aug_4147_2.png,72
050_8277_aug_862_0.png,50
042_7857_aug_705_1.png,42
009_7559_aug_1093_0.png,9
074_9740_aug_3296_2.png,74
089_1343 (1)_original.png,89
051_7957_aug_842_2.png,51
092_8757_original.png,92
014_1047_aug_1719_2.png,14
042_5802_aug_690_2.png,42
039_1011_aug_469_2.png,39
061_6590_aug_3110_2.png,61
072_1517_aug_4123_2.png,72
040_3037_aug_449_1.png,40
065_122_aug_4002_1.png,65
072_426_aug_4134_1.png,72
005_2434_aug_1319_0.png,5
009_9577_aug_1117_2.png,9
075_8304_aug_4230_0.png,75
053_7153_aug_758_0.png,53
032_4270_aug_117_1.png,32
019_1183_aug_60_1.png,19
005_4448_aug_1381_2.png,5
030_5994_original.png,30
005_5869_aug_1376_1.png,5
021_8477_aug_22_2.png,21
020_1395_aug_33_1.png,20
062_2941_aug_3075_1.png,62
052_1308_aug_766_0.png,52
020_1410_aug_34_1.png,20
029_5918_aug_172_1.png,29
088_4433_aug_4324_0.png,88
048_8318_aug_899_2.png,48
029_3550_aug_178_2.png,29
029_7788_original.png,29
040_8739_aug_460_1.png,40
014_5309_aug_1723_1.png,14
053_9635_original.png,53
032_4651_original.png,32
072_764_aug_4152_1.png,72
061_7972_aug_3096_0.png,61
017_5580_original.png,17
028_2349_original.png,28
008_3578_aug_1149_1.png,8
048_6760_aug_904_2.png,48
092_1029_aug_4267_1.png,92
001_1414_aug_1017_0.png,1
075_1875_aug_4196_0.png,75
028_5990_aug_228_2.png,28
012_1076_aug_1771_0.png,12
005_2791_aug_1358_2.png,5
063_8820_aug_3276_0.png,63
052_519_original.png,52
043_9171_original.png,43
072_552_original.png,72
043_4188_aug_400_1.png,43
018_111_aug_81_1.png,18
062_4401_aug_3065_2.png,62
052_8703_aug_815_0.png,52
014_802_aug_1742_0.png,14
010_7785_aug_1041_1.png,10
051_5087_aug_825_2.png,51
070_4667_original.png,70
019_9776_aug_67_0.png,19
038_7882_aug_514_2.png,38
074_3361_original.png,74
008_2095_aug_1138_2.png,8
018_6830_aug_101_1.png,18
039_1356_aug_471_1.png,39
020_7803_original.png,20
008_4961_aug_1153_1.png,8
042_4055_aug_698_0.png,42
038_7146_aug_515_0.png,38
009_3375_aug_1087_0.png,9
005_8604_original.png,5
039_1602_original.png,39
041_3703_aug_429_0.png,41
012_5954_aug_1774_2.png,12
032_8901_aug_132_1.png,32
090_4544_original.png,90
063_63_aug_3279_2.png,63
005_1071_aug_1321_0.png,5
005_3739_aug_1351_0.png,5
017_2878_original.png,17
014_5330_aug_1724_1.png,14
032_638_original.png,32
008_4309_aug_1162_0.png,8
012_2968_original.png,12
070_646_aug_3305_0.png,70
042_4055_aug_698_1.png,42
075_6181_original.png,75
021_5440_original.png,21
041_2164_aug_427_0.png,41
053_7927_aug_755_2.png,53
089_1343_aug_4311_0.png,89
042_5153_aug_695_2.png,42
064_1734_aug_3283_0.png,64
053_3185_original.png,53
062_655_aug_3086_0.png,62
052_9198_aug_814_0.png,52
095_7088_aug_4261_1.png,95
052_5927_aug_800_2.png,52
062_7938_aug_3080_2.png,62
053_4381_original.png,53
001_1790_aug_1032_2.png,1
065_2716_aug_3345_2.png,65
008_1309_aug_1133_1.png,8
018_3967_aug_86_0.png,18
029_5672_aug_174_0.png,29
005_4116_aug_1346_1.png,5
018_8576_original.png,18
001_1089_aug_1000_2.png,1
051_3795_original.png,51
018_8838_aug_1567_1.png,18
040_4986_aug_456_2.png,40
089_4148_aug_4310_1.png,89
086_2981_aug_4341_0.png,86
012_606_aug_1773_2.png,12
014_1652_original.png,14
009_6957_aug_1098_0.png,9
089_2372_aug_4305_2.png,89
005_3739_original.png,5
065_3546_aug_3337_0.png,65
001_1102_aug_1012_0.png,1
062_4280_original.png,62
050_7085_aug_863_1.png,50
005_2554_aug_1317_1.png,5
090_6512_aug_4281_0.png,90
014_1117_aug_1720_2.png,14
092_7459_aug_4265_0.png,92
088_321_aug_4323_0.png,88
043_6032_original.png,43
009_3598_aug_1085_2.png,9
042_7949_aug_704_0.png,42
028_2492_original.png,28
009_1509_aug_1055_0.png,9
041_1154_aug_417_2.png,41
029_9565_aug_194_2.png,29
001_1089_original.png,1
009_182_aug_1059_2.png,9
049_6388_aug_882_0.png,49
041_5524_aug_431_2.png,41
061_4205_original.png,61
005_1037_aug_1323_2.png,5
052_519_aug_806_0.png,52
039_1543_aug_465_1.png,39
028_3259_aug_210_1.png,28
019_2441_aug_59_0.png,19
042_2462_aug_681_2.png,42
048_7171_aug_901_1.png,48
014_8149_aug_1735_0.png,14
040_120_aug_438_2.png,40
009_4483_aug_1072_1.png,9
065_4151_aug_3339_2.png,65
032_407_aug_115_0.png,32
017_3643_aug_1580_2.png,17
090_4193_aug_4300_2.png,90
039_4391_aug_479_0.png,39
040_7846_aug_461_2.png,40
042_2232_aug_680_2.png,42
090_1715_original.png,90
053_1604_aug_726_2.png,53
085_2407_aug_4370_2.png,85
090_7786_aug_4283_1.png,90
091_8599_aug_4269_1.png,91
012_4246_aug_1786_0.png,12
092_1061_aug_4268_0.png,92
042_5153_aug_695_1.png,42
086_5145_original.png,86
070_1286_aug_3301_2.png,70
075_8890_original.png,75
020_850_original.png,20
014_9195_original.png,14
009_7776_original.png,9
008_4961_original.png,8
005_9059_aug_1383_1.png,5
018_111_aug_81_0.png,18
061_206_aug_3106_2.png,61
072_520_original.png,72
019_8721_aug_72_2.png,19
039_6956_original.png,39
051_1515_aug_834_0.png,51
064_1272_aug_3280_1.png,64
018_1269_original.png,18
014_1652_aug_1718_2.png,14
008_3001_aug_1142_1.png,8
072_1305_original.png,72
075_8947_aug_4211_2.png,75
032_2199_aug_103_2.png,32
018_3388_original.png,18
085_240_original.png,85
052_8424_aug_816_2.png,52
005_8909_original.png,5
073_5926_aug_4156_2.png,73
001_1774_aug_1030_0.png,1
015_347_aug_1684_2.png,15
018_6053_original.png,18
014_5260_original.png,14
032_461_aug_118_2.png,32
065_4151_aug_3339_0.png,65
008_2016_aug_1131_2.png,8
062_8887_aug_3082_2.png,62
029_3522_original.png,29
009_3184_original.png,9
005_3797_aug_1348_1.png,5
030_6298_aug_158_0.png,30
062_7624_aug_3095_2.png,62
005_4915_original.png,5
009_2564_aug_1050_0.png,9
042_1829_original.png,42
062_2900_aug_3077_2.png,62
049_334_original.png,49
090_3595_original.png,90
062_8319_original.png,62
085_1397_original.png,85
064_1272_aug_3280_0.png,64
040_7056_aug_453_1.png,40
073_4536_aug_4159_1.png,73
075_5229_original.png,75
075_4943_aug_4223_1.png,75
072_552_aug_4127_0.png,72
072_520_aug_4128_0.png,72
014_6397_aug_1729_0.png,14
009_930_aug_1118_2.png,9
019_3672_aug_64_2.png,19
062_2941_original.png,62
005_2115_aug_1329_1.png,5
051_9767_original.png,51
029_1964_aug_163_1.png,29
039_1602_aug_464_2.png,39
053_879_aug_749_0.png,53
043_8337_aug_414_0.png,43
009_7599_aug_1125_1.png,9
015_3464_aug_1664_2.png,15
042_2704_original.png,42
009_4291_aug_1080_1.png,9
052_5134_aug_807_0.png,52
015_936_aug_1703_1.png,15
099_8865_aug_4334_2.png,99
072_8426_aug_4155_0.png,72
021_9429_original.png,21
009_5256_aug_1069_0.png,9
090_7245_aug_4284_2.png,90
015_8497_aug_1686_2.png,15
028_444_original.png,28
063_4145_aug_3263_2.png,63
039_9354_original.png,39
021_6329_aug_9_1.png,21
061_4205_aug_3100_0.png,61
071_8397_aug_3333_0.png,71
032_9224_aug_129_1.png,32
005_976_aug_1385_1.png,5
018_4281_original.png,18
005_4142_aug_1349_2.png,5
009_7559_aug_1093_1.png,9
017_9385_aug_1587_1.png,17
072_3775_original.png,72
072_7263_original.png,72
050_3513_aug_854_1.png,50
065_3609_original.png,65
038_1986_aug_510_1.png,38
014_2382_aug_1715_1.png,14
012_1739_aug_1767_2.png,12
040_120_original.png,40
010_9495_aug_1043_0.png,10
073_7947_aug_4170_2.png,73
020_1410_aug_34_0.png,20
012_512_aug_1780_1.png,12
008_4113_original.png,8
005_3995_aug_1342_0.png,5
005_5390_original.png,5
061_3267_aug_3098_1.png,61
005_2494_original.png,5
070_646_original.png,70
015_7768_aug_1690_2.png,15
090_3861_aug_4303_2.png,90
063_63_aug_3279_1.png,63
009_6854_original.png,9
039_8248_original.png,39
028_1653_aug_213_2.png,28
015_7675_aug_1693_1.png,15
029_7730_aug_183_2.png,29
043_6662_aug_413_0.png,43
075_1998_original.png,75
018_3303_aug_93_1.png,18
042_6743_aug_686_1.png,42
041_7954_aug_419_0.png,41
050_7591_aug_860_1.png,50
062_4107_aug_3066_2.png,62
042_5036_aug_696_0.png,42
062_8595_original.png,62
075_6692_aug_4244_1.png,75
001_1243_original.png,1
009_352_aug_1084_2.png,9
043_5350_aug_399_1.png,43
012_4704_aug_1782_2.png,12
062_1937_aug_3074_2.png,62
021_3095_aug_0_0.png,21
075_6602_original.png,75
028_2282_aug_215_1.png,28
005_1983_aug_1335_2.png,5
053_131_aug_729_0.png,53
064_8244_aug_3291_0.png,64
075_5229_aug_4224_1.png,75
070_7877_aug_3303_2.png,70
029_5930_original.png,29
052_4426_aug_780_1.png,52
029_3015_original.png,29
028_3387_aug_217_0.png,28
041_3413_aug_425_1.png,41
062_8319_aug_3079_1.png,62
062_1035_original.png,62
029_7681_aug_182_2.png,29
071_3978_aug_3326_1.png,71
061_7234_aug_3097_0.png,61
072_8426_aug_4155_1.png,72
065_3246_aug_4003_0.png,65
015_6763_original.png,15
014_2852_aug_1713_2.png,14
049_8526_aug_890_1.png,49
075_2351_aug_4206_1.png,75
015_3801_aug_1679_2.png,15
014_9455_original.png,14
062_8778_aug_3081_1.png,62
012_606_aug_1773_0.png,12
062_7140_aug_3085_1.png,62
042_5036_original.png,42
052_8398_aug_819_0.png,52
008_209_aug_1139_1.png,8
040_6764_aug_458_2.png,40
009_3389_original.png,9
062_3867_aug_3068_0.png,62
021_9462_aug_27_2.png,21
038_7720_aug_528_0.png,38
018_5015_aug_1552_2.png,18
015_9041_aug_1704_0.png,15
085_2783_aug_4366_0.png,85
018_1521_aug_80_1.png,18
005_1975_aug_1336_1.png,5
085_1268_aug_4351_0.png,85
009_1877_aug_1056_1.png,9
015_8280_aug_1700_0.png,15
014_5659_aug_1726_1.png,14
052_9406_aug_809_0.png,52
110_3906_aug_4247_0.png,110
039_7856_aug_482_0.png,39
029_5250_aug_177_2.png,29
010_9648_aug_1046_0.png,10
028_382_aug_208_0.png,28
014_1817_aug_1717_1.png,14
072_8426_aug_4155_2.png,72
053_7472_aug_760_2.png,53
013_2015_aug_1756_0.png,13
061_206_aug_3106_1.png,61
053_3273_aug_718_0.png,53
008_4288_original.png,8
042_7857_original.png,42
052_7865_aug_821_1.png,52
087_284_aug_4330_0.png,87
085_2864_original.png,85
064_2437_original.png,64
051_9461_aug_837_0.png,51
015_4962_aug_1676_0.png,15
085_1234_aug_4354_1.png,85
009_4483_aug_1072_0.png,9
091_8599_original.png,91
072_7633_aug_4151_2.png,72
090_203_aug_4273_1.png,90
090_8418_aug_4286_1.png,90
008_4971_aug_1152_1.png,8
021_2211_original.png,21
021_2046_aug_5_0.png,21
071_8397_original.png,71
039_5303_aug_472_1.png,39
049_1499_aug_878_2.png,49
029_8759_aug_196_2.png,29
029_557_aug_175_1.png,29
050_6167_original.png,50
062_8574_aug_3094_1.png,62
029_2517_aug_170_0.png,29
061_8063_aug_3114_1.png,61
075_1162_aug_4193_2.png,75
030_780_aug_154_0.png,30
009_1323_aug_1063_2.png,9
032_7525_original.png,32
017_9465_aug_1586_0.png,17
013_7115_aug_1765_1.png,13
018_3019_aug_91_2.png,18
061_1859_aug_3102_1.png,61
015_9419_aug_1707_1.png,15
009_732_aug_1099_2.png,9
039_6886_aug_486_0.png,39
090_1715_aug_4275_0.png,90
089_210_original.png,89
030_5994_aug_157_1.png,30
085_2407_original.png,85
090_3195_aug_4271_2.png,90
008_2444_aug_1130_0.png,8
009_9421_aug_1116_1.png,9
015_4032_aug_1678_1.png,15
016_1184_aug_1598_2.png,16
018_4315_aug_85_2.png,18
053_2167_aug_725_2.png,53
075_1283_original.png,75
019_3672_aug_64_1.png,19
018_2572_aug_76_0.png,18
038_6123_original.png,38
062_1411_aug_3073_2.png,62
016_1862_aug_1597_0.png,16
090_3773_aug_4299_1.png,90
040_8706_aug_462_2.png,40
018_7542_aug_1563_0.png,18
075_1998_aug_4197_0.png,75
085_3123_original.png,85
009_8793_original.png,9
050_4935_aug_865_1.png,50
075_2966_aug_4200_2.png,75
018_9519_aug_1565_1.png,18
052_2161_aug_788_0.png,52
014_1217_aug_1709_0.png,14
090_203_aug_4273_2.png,90
050_8277_original.png,50
070_833_aug_3319_2.png,70
090_4386_aug_4291_2.png,90
075_8947_original.png,75
050_8736_aug_871_0.png,50
053_7896_original.png,53
041_1260_aug_416_2.png,41
015_1470_aug_1666_2.png,15
009_6057_aug_1111_2.png,9
014_5732_aug_1722_0.png,14
095_6403_aug_4260_1.png,95
088_8839_aug_4322_1.png,88
019_7548_aug_74_0.png,19
071_8273_aug_3322_0.png,71
038_7463_original.png,38
065_3546_original.png,65
005_8605_aug_1387_1.png,5
013_4314_aug_1748_1.png,13
070_8772_aug_3315_0.png,70
018_8143_aug_1559_1.png,18
064_1734_original.png,64
053_8856_aug_748_1.png,53
090_7245_original.png,90
053_2610_original.png,53
042_8997_aug_700_1.png,42
041_2388_aug_424_2.png,41
029_7681_original.png,29
005_1983_aug_1335_0.png,5
042_5802_original.png,42
049_8254_aug_892_0.png,49
096_4925_aug_4251_2.png,96
062_2111_original.png,62
073_5618_aug_4157_0.png,73
012_1331_aug_1770_1.png,12
063_6693_original.png,63
032_407_aug_115_1.png,32
021_1772_original.png,21
096_4329_aug_4250_0.png,96
005_1777_aug_1328_0.png,5
020_7950_aug_43_0.png,20
008_2500_aug_1147_0.png,8
021_1772_aug_6_1.png,21
020_6993_original.png,20
090_4193_aug_4300_0.png,90
052_4859_aug_805_2.png,52
009_1769_aug_1057_1.png,9
005_56_aug_1368_2.png,5
052_3489_aug_781_2.png,52
014_5330_aug_1724_0.png,14
041_8452_original.png,41
015_4517_aug_1681_1.png,15
061_5461_aug_3111_2.png,61
061_3267_aug_3098_2.png,61
018_82_original.png,18
064_2929_aug_3289_2.png,64
040_2647_aug_448_2.png,40
039_1602_aug_464_1.png,39
029_6020_original.png,29
063_1195_aug_3269_2.png,63
009_2515_aug_1051_1.png,9
096_7456_original.png,96
001_1414_original.png,1
050_4935_aug_865_0.png,50
005_1975_original.png,5
018_3303_aug_93_2.png,18
009_868_aug_1120_0.png,9
063_1581_aug_3270_0.png,63
061_206_original.png,61
072_1002_aug_4124_1.png,72
053_1730_aug_728_0.png,53
071_4621_aug_3324_2.png,71
048_7171_original.png,48
018_8636_aug_1555_0.png,18
015_7328_aug_1687_1.png,15
008_3310_aug_1150_2.png,8
075_6181_aug_4241_0.png,75
001_1753_original.png,1
012_1076_aug_1771_2.png,12
010_9322_aug_1042_2.png,10
020_8210_original.png,20
015_328_aug_1667_2.png,15
053_5323_aug_734_2.png,53
009_6086_original.png,9
030_4565_aug_139_1.png,30
063_1968_aug_3273_1.png,63
075_5724_aug_4238_2.png,75
048_1151_aug_898_0.png,48
090_7245_aug_4284_0.png,90
063_2710_original.png,63
005_5691_aug_1373_0.png,5
005_4361_aug_1338_1.png,5
096_3150_aug_4248_0.png,96
041_6320_aug_421_0.png,41
018_7951_aug_1561_2.png,18
053_5082_aug_739_1.png,53
001_1764_aug_1036_2.png,1
008_2769_aug_1144_0.png,8
062_1035_aug_3069_2.png,62
008_3001_original.png,8
016_1862_aug_1597_1.png,16
062_4107_original.png,62
038_895_aug_529_0.png,38
052_4585_aug_774_0.png,52
015_9335_original.png,15
070_961_aug_3316_1.png,70
040_3175_aug_445_2.png,40
073_1952_aug_4163_0.png,73
012_4711_aug_1781_1.png,12
086_4166_aug_4343_1.png,86
041_5524_original.png,41
052_3770_aug_779_2.png,52
062_4819_aug_3063_0.png,62
089_4148_aug_4310_2.png,89
073_8859_aug_4168_0.png,73
070_3299_aug_3311_2.png,70
040_3122_aug_444_1.png,40
072_3200_aug_4141_0.png,72
051_1515_original.png,51
028_5990_aug_228_0.png,28
052_1822_original.png,52
039_9354_aug_505_0.png,39
009_2515_aug_1051_0.png,9
029_3094_aug_164_2.png,29
029_6082_aug_192_2.png,29
009_1638_aug_1062_0.png,9
015_7292_aug_1694_2.png,15
039_1011_original.png,39
075_212_original.png,75
005_2681_aug_1316_1.png,5
040_5614_aug_455_1.png,40
090_5267_aug_4294_0.png,90
001_1148_aug_1008_0.png,1
071_3978_aug_3326_2.png,71
062_1937_original.png,62
065_2731_original.png,65
005_1052_aug_1332_2.png,5
039_1356_aug_471_0.png,39
062_8693_aug_3084_2.png,62
020_637_aug_50_0.png,20
032_638_aug_128_2.png,32
042_6280_aug_688_1.png,42
065_1758_aug_4000_2.png,65
018_9673_original.png,18
039_2063_original.png,39
005_1975_aug_1336_2.png,5
028_2539_original.png,28
018_9641_aug_1569_1.png,18
071_139_aug_3329_0.png,71
029_9170_aug_199_2.png,29
086_2792_aug_4342_2.png,86
090_7786_aug_4283_0.png,90
030_4856_aug_141_1.png,30
061_6590_original.png,61
072_3616_aug_4143_1.png,72
015_7675_original.png,15
053_9635_aug_746_2.png,53
043_8337_aug_414_2.png,43
063_7142_aug_3260_1.png,63
005_1037_aug_1323_0.png,5
028_6451_aug_226_1.png,28
001_1243_aug_1021_2.png,1
030_4111_aug_140_1.png,30
072_4697_original.png,72
001_1182_aug_1010_2.png,1
021_5797_aug_14_1.png,21
052_4300_original.png,52
049_2707_aug_877_0.png,49
043_8773_original.png,43
053_8697_aug_756_2.png,53
042_2825_aug_679_0.png,42
005_3554_original.png,5
053_9222_aug_764_0.png,53
075_8947_aug_4211_1.png,75
072_2859_aug_4140_0.png,72
008_2584_original.png,8
017_3466_original.png,17
052_1304_original.png,52
050_4935_aug_865_2.png,50
050_3811_original.png,50
021_9462_aug_27_0.png,21
088_5089_aug_4327_1.png,88
090_1302_original.png,90
008_4913_aug_1160_2.png,8
009_7599_aug_1125_2.png,9
009_2744_aug_1053_2.png,9
019_9193_aug_65_2.png,19
028_2539_aug_216_2.png,28
015_7565_aug_1699_0.png,15
032_5661_aug_108_2.png,32
071_6105_aug_3327_1.png,71
052_9332_aug_812_0.png,52
086_2065_original.png,86
038_6395_aug_524_1.png,38
075_8325_original.png,75
089_1386 (1)_original.png,89
028_5990_original.png,28
017_9385_original.png,17
017_9385_aug_1587_0.png,17
012_150_original.png,12
089_1386_aug_4306_1.png,89
009_4304_aug_1079_2.png,9
073_8101_aug_4169_2.png,73
030_4111_aug_140_2.png,30
048_6088_aug_902_2.png,48
063_4538_aug_3267_2.png,63
051_3542_aug_829_1.png,51
032_4651_aug_114_1.png,32
005_6027_original.png,5
043_6662_aug_413_2.png,43
092_7459_original.png,92
049_6913_aug_880_0.png,49
062_2179_original.png,62
072_3775_aug_4137_0.png,72
009_7603_original.png,9
051_771_original.png,51
070_833_aug_3319_1.png,70
053_9222_aug_764_1.png,53
048_1743_aug_896_0.png,48
013_4549_aug_1766_1.png,13
019_7548_aug_74_1.png,19
001_1764_aug_1036_1.png,1
052_3819_aug_778_0.png,52
020_5141_original.png,20
021_2675_aug_2_1.png,21
005_2547_aug_1356_1.png,5
030_6373_original.png,30
028_3743_aug_209_1.png,28
100_6408_original.png,100
020_6931_aug_47_2.png,20
070_8139_original.png,70
072_764_aug_4152_2.png,72
029_340_original.png,29
017_3466_aug_1577_0.png,17
009_696_aug_1095_0.png,9
040_5588_aug_459_2.png,40
032_9018_aug_130_1.png,32
009_696_original.png,9
090_5936_aug_4297_1.png,90
088_4877_aug_4325_2.png,88
053_131_aug_729_1.png,53
008_2183_aug_1132_0.png,8
015_9041_aug_1704_1.png,15
050_6636_aug_868_2.png,50
075_212_aug_4204_2.png,75
062_504_aug_3064_2.png,62
052_4550_original.png,52
009_6345_aug_1108_0.png,9
012_2726_aug_1787_0.png,12
053_3185_aug_720_0.png,53
051_9461_aug_837_1.png,51
017_1704_aug_1571_0.png,17
012_5780_aug_1777_0.png,12
065_3317_original.png,65
072_3775_aug_4137_2.png,72
039_9086_original.png,39
018_3240_aug_92_1.png,18
085_2901_aug_4365_1.png,85
071_726_original.png,71
039_8917_aug_500_1.png,39
062_8693_aug_3084_0.png,62
032_3809_aug_116_0.png,32
063_7142_original.png,63
009_4641_original.png,9
012_2968_aug_1784_2.png,12
019_2802_aug_55_0.png,19
073_5618_aug_4157_1.png,73
070_961_original.png,70
051_2487_aug_831_0.png,51
038_1282_original.png,38
032_6979_aug_123_1.png,32
029_9565_aug_194_0.png,29
062_655_aug_3086_1.png,62
005_2056_aug_1324_2.png,5
032_9224_aug_129_0.png,32
013_500_aug_1750_0.png,13
090_8128_aug_4285_0.png,90
014_8603_aug_1739_2.png,14
052_1459_aug_784_2.png,52
052_5960_aug_797_2.png,52
099_8865_original.png,99
041_7954_aug_419_2.png,41
048_6088_aug_902_0.png,48
005_3554_aug_1361_2.png,5
021_4765_aug_15_1.png,21
018_6274_aug_1548_0.png,18
020_6931_aug_47_0.png,20
050_7591_aug_860_0.png,50
065_3412_aug_3343_1.png,65
019_6351_aug_69_2.png,19
053_8856_aug_748_0.png,53
032_5890_aug_109_2.png,32
064_2437_aug_3281_1.png,64
017_8895_aug_1585_1.png,17
064_9219_aug_3292_1.png,64
021_6133_aug_13_2.png,21
039_7431_aug_492_2.png,39
001_1226_aug_1022_0.png,1
041_7954_original.png,41
009_694_original.png,9
018_3008_aug_89_2.png,18
021_4095_aug_19_0.png,21
029_8016_aug_181_1.png,29
090_3861_aug_4303_1.png,90
071_8074_aug_3321_2.png,71
075_2316_aug_4205_2.png,75
063_7320_aug_3277_1.png,63
028_5372_aug_220_0.png,28
099_8865_aug_4334_1.png,99
030_9278_original.png,30
049_5172_original.png,49
039_1602_aug_464_0.png,39
021_5440_aug_10_0.png,21
038_895_aug_529_2.png,38
085_2864_aug_4362_0.png,85
038_5750_aug_520_0.png,38
005_4608_original.png,5
029_621_original.png,29
014_9333_aug_1734_1.png,14
040_4480_aug_442_0.png,40
049_8526_aug_890_0.png,49
090_6044_original.png,90
073_5618_aug_4157_2.png,73
039_3856_aug_473_1.png,39
090_9233_aug_4287_0.png,90
018_9690_aug_1566_2.png,18
009_1664_aug_1061_0.png,9
009_4458_aug_1074_1.png,9
010_9496_original.png,10
029_19_aug_167_1.png,29
089_2372_aug_4305_0.png,89
005_2089_aug_1331_1.png,5
005_4286_aug_1340_0.png,5
085_3198_aug_4360_2.png,85
051_9408_aug_838_1.png,51
012_6099_aug_1775_0.png,12
008_1149_aug_1134_0.png,8
052_4696_aug_772_0.png,52
028_7072_aug_218_2.png,28
005_2458_aug_1355_1.png,5
005_9104_aug_1396_2.png,5
041_3413_aug_425_0.png,41
075_9574_aug_4215_2.png,75
075_4430_aug_4243_0.png,75
029_7913_original.png,29
075_9586_original.png,75
050_4073_aug_851_2.png,50
014_5429_aug_1721_2.png,14
014_4701_aug_1711_0.png,14
020_406_aug_31_2.png,20
075_1162_original.png,75
029_5918_original.png,29
042_5036_aug_696_2.png,42
052_1308_original.png,52
088_5089_aug_4327_0.png,88
091_8599_aug_4269_2.png,91
015_328_original.png,15
005_2458_original.png,5
008_4971_aug_1152_0.png,8
021_5572_aug_11_0.png,21
005_4608_aug_1380_0.png,5
005_9059_original.png,5
075_1004_aug_4195_0.png,75
021_3272_aug_16_0.png,21
075_4430_original.png,75
040_3079_aug_446_1.png,40
075_2351_original.png,75
032_4703_aug_112_0.png,32
030_2750_aug_145_0.png,30
089_1386 (1)_aug_4319_2.png,89
089_5096_aug_4317_1.png,89
050_7872_aug_864_2.png,50
009_8619_aug_1121_0.png,9
030_2_aug_134_1.png,30
038_7720_aug_528_2.png,38
032_8741_original.png,32
052_4627_aug_773_1.png,52
020_5141_aug_45_1.png,20
013_3292_aug_1753_2.png,13
013_7416_aug_1762_1.png,13
090_7521_aug_4282_1.png,90
075_7365_aug_4228_2.png,75
042_781_aug_703_2.png,42
043_5350_aug_399_2.png,43
018_645_aug_1549_0.png,18
063_4029_aug_3268_1.png,63
073_1952_aug_4163_1.png,73
063_3730_original.png,63
029_6020_aug_190_2.png,29
017_3650_aug_1576_1.png,17
049_9714_aug_889_1.png,49
001_1330_aug_1020_1.png,1
005_349_original.png,5
029_340_aug_162_1.png,29
029_3953_original.png,29
014_8561_aug_1738_0.png,14
005_626_aug_1367_0.png,5
030_6620_aug_156_0.png,30
064_2124_aug_3284_1.png,64
017_7554_aug_1592_1.png,17
021_4095_aug_19_2.png,21
039_5303_aug_472_0.png,39
089_210 (1)_aug_4318_0.png,89
085_3123_aug_4364_2.png,85
073_5618_original.png,73
014_7439_aug_1736_2.png,14
005_1156_aug_1322_2.png,5
013_4027_aug_1751_0.png,13
029_5902_original.png,29
040_120_aug_438_1.png,40
039_5303_aug_472_2.png,39
029_8016_aug_181_0.png,29
017_3115_aug_1578_0.png,17
072_3033_aug_4138_0.png,72
018_4021_aug_87_0.png,18
085_2407_aug_4370_1.png,85
053_9404_aug_763_0.png,53
029_5961_aug_186_2.png,29
009_9421_aug_1116_2.png,9
041_4138_aug_428_0.png,41
020_1395_aug_33_2.png,20
052_3062_aug_786_0.png,52
072_4591_aug_4133_0.png,72
009_7599_original.png,9
043_4271_aug_408_2.png,43
005_4142_original.png,5
042_2965_aug_678_0.png,42
030_4856_original.png,30
005_1052_aug_1332_0.png,5
009_5233_original.png,9
089_2787 (1)_aug_4316_1.png,89
072_7179_original.png,72
050_7872_aug_864_1.png,50
049_7664_aug_895_0.png,49
087_507_aug_4329_1.png,87
019_7205_aug_73_0.png,19
018_5160_original.png,18
052_6752_aug_792_1.png,52
085_3360_aug_4359_0.png,85
001_1816_aug_1037_2.png,1
021_4108_aug_18_2.png,21
073_8101_aug_4169_0.png,73
050_8277_aug_862_2.png,50
073_2023_aug_4164_2.png,73
073_3749_aug_4162_2.png,73
021_2675_original.png,21
072_3562_original.png,72
017_8714_aug_1593_2.png,17
010_9495_original.png,10
039_3719_aug_477_2.png,39
030_6620_original.png,30
071_4621_original.png,71
032_9425_original.png,32
029_9565_original.png,29
012_1368_aug_1772_1.png,12
039_633_aug_491_1.png,39
041_743_aug_435_2.png,41
014_3893_aug_1710_0.png,14
001_1218_aug_1027_2.png,1
049_5518_aug_884_1.png,49
086_1408_original.png,86
075_1162_aug_4193_1.png,75
041_5524_aug_431_0.png,41
020_7274_original.png,20
015_7675_aug_1693_2.png,15
010_9496_aug_1045_1.png,10
070_1048_aug_3302_1.png,70
009_1769_original.png,9
015_9067_aug_1702_2.png,15
029_9565_aug_194_1.png,29
013_1595_aug_1757_0.png,13
019_1183_aug_60_0.png,19
063_5686_aug_3261_0.png,63
040_3036_original.png,40
052_5931_aug_798_1.png,52
009_930_aug_1118_0.png,9
014_9436_aug_1745_1.png,14
032_8681_aug_121_1.png,32
062_7897_aug_3078_2.png,62
062_504_original.png,62
028_2225_aug_214_0.png,28
009_4320_original.png,9
021_9462_aug_27_1.png,21
008_3310_aug_1150_0.png,8
005_8762_original.png,5
018_5015_original.png,18
075_5237_aug_4234_2.png,75
041_9454_aug_432_0.png,41
009_5148_aug_1073_0.png,9
009_2777_aug_1052_1.png,9
005_3554_aug_1361_1.png,5
053_225_original.png,53
030_387_original.png,30
009_7878_aug_1091_2.png,9
072_552_aug_4127_2.png,72
050_1529_original.png,50
013_654_original.png,13
072_1643_aug_4125_2.png,72
008_3001_aug_1142_0.png,8
049_2759_aug_876_0.png,49
085_2783_aug_4366_1.png,85
052_4627_aug_773_0.png,52
039_5332_aug_489_1.png,39
064_4052_aug_3286_0.png,64
062_6433_aug_3089_0.png,62
001_1118_original.png,1
005_4286_original.png,5
015_8497_original.png,15
050_3223_original.png,50
062_7147_aug_3091_0.png,62
063_4377_original.png,63
028_6360_aug_223_1.png,28
017_3420_aug_1573_1.png,17
014_3893_aug_1710_1.png,14
009_1509_aug_1055_2.png,9
001_1753_aug_1039_0.png,1
050_3513_original.png,50
014_1907_aug_1716_0.png,14
015_8497_aug_1686_0.png,15
053_5493_original.png,53
039_7562_aug_480_1.png,39
090_6260_original.png,90
052_1171_original.png,52
086_2065_aug_4348_0.png,86
009_470_aug_1068_1.png,9
039_6364_aug_490_0.png,39
049_6388_aug_882_1.png,49
030_7020_aug_152_1.png,30
019_6351_aug_69_1.png,19
005_1931_aug_1334_2.png,5
049_6841_aug_881_1.png,49
005_5998_original.png,5
008_4564_aug_1163_1.png,8
009_6240_aug_1112_2.png,9
018_9690_aug_1566_0.png,18
032_4703_aug_112_2.png,32
073_6127_aug_4158_1.png,73
008_4564_original.png,8
005_42_aug_1344_0.png,5
028_6458_aug_224_2.png,28
021_2919_aug_1_2.png,21
052_2568_original.png,52
040_3712_aug_443_0.png,40
032_8681_aug_121_2.png,32
039_7436_original.png,39
044_9451_aug_397_2.png,44
005_8909_aug_1394_2.png,5
001_1300_aug_1025_2.png,1
075_9460_aug_4213_1.png,75
038_3057_aug_507_0.png,38
062_1411_aug_3073_0.png,62
021_7316_aug_26_2.png,21
005_4361_aug_1338_2.png,5
019_8816_original.png,19
021_8242_aug_23_0.png,21
018_8076_aug_1562_0.png,18
018_3008_aug_89_1.png,18
015_3801_original.png,15
072_7633_aug_4151_1.png,72
015_4962_original.png,15
065_1758_aug_4000_0.png,65
086_1408_aug_4336_0.png,86
008_2444_aug_1130_1.png,8
052_1245_aug_769_2.png,52
070_2930_aug_3314_0.png,70
009_6392_original.png,9
020_6993_aug_51_2.png,20
053_225_aug_721_1.png,53
085_2937_aug_4363_0.png,85
051_9408_original.png,51
018_5903_original.png,18
015_7328_original.png,15
052_3770_aug_779_0.png,52
030_387_aug_146_2.png,30
089_3675 (1)_original.png,89
001_1226_aug_1022_1.png,1
052_3062_original.png,52
014_4701_original.png,14
005_4045_aug_1343_2.png,5
014_6585_aug_1743_2.png,14
005_5691_aug_1373_2.png,5
015_876_aug_1685_0.png,15
053_5211_aug_737_0.png,53
014_5330_original.png,14
039_7562_aug_480_0.png,39
049_5518_aug_884_0.png,49
020_7803_aug_44_2.png,20
062_7147_original.png,62
039_1033_aug_470_0.png,39
086_5145_aug_4340_2.png,86
039_3803_aug_476_1.png,39
030_780_aug_154_1.png,30
019_7548_original.png,19
073_6127_aug_4158_2.png,73
040_272_original.png,40
009_6057_aug_1111_1.png,9
085_116_aug_4353_0.png,85
051_2487_original.png,51
065_3548_original.png,65
005_8557_aug_1395_1.png,5
038_1894_aug_509_2.png,38
029_9441_aug_201_1.png,29
075_8193_aug_4232_0.png,75
001_1148_aug_1008_1.png,1
030_9278_aug_149_1.png,30
050_3589_aug_857_2.png,50
029_6082_aug_192_0.png,29
053_1659_original.png,53
096_8958_original.png,96
042_9370_aug_699_0.png,42
041_3790_original.png,41
062_8319_aug_3079_2.png,62
018_2546_aug_97_1.png,18
038_1365_aug_513_2.png,38
005_2056_aug_1324_1.png,5
012_4687_aug_1783_1.png,12
012_150_aug_1768_1.png,12
039_1011_aug_469_0.png,39
005_2056_aug_1324_0.png,5
050_3811_aug_856_2.png,50
049_5645_original.png,49
038_412_aug_517_0.png,38
021_1508_aug_7_1.png,21
086_2066_aug_4347_1.png,86
052_817_aug_818_2.png,52
040_4480_aug_442_2.png,40
089_2787_original.png,89
018_3519_aug_90_1.png,18
009_5233_aug_1070_2.png,9
040_3122_aug_444_0.png,40
086_2399_aug_4349_2.png,86
073_3866_aug_4160_0.png,73
062_3736_original.png,62
009_6057_original.png,9
089_2372 (1)_aug_4313_1.png,89
071_5660_aug_3323_2.png,71
053_1730_aug_728_1.png,53
008_4113_aug_1161_2.png,8
013_3329_aug_1752_1.png,13
040_5451_aug_440_1.png,40
038_6396_aug_518_1.png,38
021_5572_aug_11_1.png,21
005_4116_aug_1346_2.png,5
021_1672_aug_8_1.png,21
049_104_aug_879_0.png,49
090_5181_original.png,90
013_2015_aug_1756_2.png,13
096_7149_original.png,96
050_7496_aug_861_1.png,50
017_8895_aug_1585_2.png,17
005_8909_aug_1394_0.png,5
009_8619_original.png,9
015_1729_aug_1668_2.png,15
020_9594_aug_54_1.png,20
085_1019_aug_4356_2.png,85
015_405_aug_1680_1.png,15
005_9099_aug_1393_0.png,5
013_4549_original.png,13
072_764_aug_4152_0.png,72
040_2647_original.png,40
062_4280_aug_3092_2.png,62
009_3312_original.png,9
070_1481_original.png,70
008_3747_aug_1158_1.png,8
042_2825_aug_679_2.png,42
009_2744_aug_1053_0.png,9
096_4925_original.png,96
053_4020_aug_743_0.png,53
018_8184_original.png,18
009_6957_aug_1098_2.png,9
030_3365_original.png,30
032_3547_aug_119_0.png,32
021_2046_original.png,21
048_1210_original.png,48
075_2638_aug_4209_0.png,75
070_2930_aug_3314_2.png,70
017_832_original.png,17
013_7416_original.png,13
041_8452_aug_433_1.png,41
100_6408_aug_4333_0.png,100
039_8118_original.png,39
096_9676_original.png,96
089_210 (1)_original.png,89
075_3545_original.png,75
053_2603_aug_724_1.png,53
014_1217_aug_1709_1.png,14
052_6331_aug_791_0.png,52
029_3953_aug_160_2.png,29
005_3870_aug_1350_0.png,5
009_6086_aug_1066_1.png,9
009_7359_aug_1104_2.png,9
072_1517_original.png,72
042_7737_original.png,42
071_3151_aug_3330_1.png,71
001_1301_aug_1024_2.png,1
062_8887_aug_3082_1.png,62
073_5926_original.png,73
052_6155_aug_796_1.png,52
009_6392_aug_1107_0.png,9
017_832_aug_1594_2.png,17
062_8595_aug_3083_0.png,62
086_8177_aug_4339_0.png,86
050_6636_original.png,50
065_4185_aug_3335_2.png,65
028_5599_original.png,28
029_5930_aug_189_2.png,29
005_6725_aug_1366_1.png,5
028_5002_aug_205_0.png,28
038_1034_original.png,38
020_6993_aug_51_1.png,20
001_1225_aug_1023_2.png,1
050_1529_aug_849_1.png,50
092_5569_aug_4266_2.png,92
086_2792_aug_4342_0.png,86
040_1366_original.png,40
040_3079_original.png,40
063_3730_aug_3271_1.png,63
051_2779_aug_835_0.png,51
063_6693_aug_3278_2.png,63
005_5691_original.png,5
015_6607_aug_1695_0.png,15
042_8997_aug_700_0.png,42
075_2966_aug_4200_0.png,75
052_3489_original.png,52
053_9222_aug_764_2.png,53
009_2777_aug_1052_0.png,9
072_4697_aug_4132_0.png,72
018_3008_original.png,18
008_4309_original.png,8
030_4565_aug_139_2.png,30
072_2303_aug_4146_1.png,72
015_551_aug_1674_0.png,15
090_5114_aug_4292_0.png,90
029_2330_aug_171_0.png,29
073_2023_aug_4164_1.png,73
009_6189_aug_1113_0.png,9
005_4142_aug_1349_1.png,5
063_4029_original.png,63
014_5732_aug_1722_2.png,14
028_2282_aug_215_2.png,28
052_817_original.png,52
075_2148_aug_4207_2.png,75
008_2444_original.png,8
005_1931_aug_1334_0.png,5
101_1554_aug_4332_0.png,101
010_9495_aug_1043_1.png,10
062_7682_original.png,62
096_5504_aug_4256_1.png,96
073_4536_aug_4159_0.png,73
029_8759_aug_196_1.png,29
072_4423_aug_4136_2.png,72
048_6760_aug_904_1.png,48
005_5129_aug_1378_2.png,5
021_7362_aug_24_1.png,21
018_1158_original.png,18
090_6714_aug_4280_1.png,90
061_8738_aug_3116_1.png,61
009_3604_aug_1081_2.png,9
005_1348_original.png,5
085_1054_aug_4352_0.png,85
017_5580_aug_1588_0.png,17
010_9751_aug_1044_1.png,10
043_639_aug_398_1.png,43
008_1310_aug_1136_0.png,8
018_111_aug_81_2.png,18
017_9465_aug_1586_1.png,17
085_2892_original.png,85
012_4704_aug_1782_1.png,12
040_1349_aug_437_2.png,40
087_5627_original.png,87
005_9423_aug_1391_1.png,5
009_1638_original.png,9
015_8972_aug_1706_2.png,15
020_3628_aug_32_2.png,20
028_6416_aug_229_2.png,28
090_3564_aug_4302_2.png,90
100_6408_aug_4333_2.png,100
039_6886_aug_486_1.png,39
008_4163_original.png,8
063_5336_aug_3262_0.png,63
042_2232_aug_680_1.png,42
070_2930_aug_3314_1.png,70
065_4075_aug_3340_2.png,65
052_1192_original.png,52
075_5898_aug_4233_2.png,75
005_5390_aug_1374_1.png,5
071_5660_aug_3323_0.png,71
053_2167_aug_725_1.png,53
018_857_aug_1557_1.png,18
015_7292_aug_1694_0.png,15
053_5958_aug_733_2.png,53
052_4426_aug_780_2.png,52
019_4112_original.png,19
090_4241_original.png,90
030_5994_aug_157_0.png,30
051_3469_aug_830_2.png,51
053_9404_original.png,53
073_8859_aug_4168_2.png,73
010_9322_aug_1042_1.png,10
005_3228_aug_1353_2.png,5
063_1195_original.png,63
018_5160_aug_1551_0.png,18
075_1004_aug_4195_2.png,75
052_8398_aug_819_2.png,52
014_8561_original.png,14
005_4395_aug_1337_1.png,5
021_6036_aug_12_2.png,21
038_6304_aug_519_0.png,38
005_8604_aug_1388_2.png,5
015_551_original.png,15
012_3805_aug_1785_1.png,12
041_1260_original.png,41
075_8471_aug_4217_2.png,75
074_2457_original.png,74
014_5659_aug_1726_2.png,14
005_5469_aug_1370_1.png,5
052_6739_aug_793_0.png,52
001_1216_aug_1003_1.png,1
005_5560_aug_1369_0.png,5
038_6304_original.png,38
042_836_aug_702_0.png,42
048_1151_aug_898_2.png,48
001_1301_aug_1024_0.png,1
020_9594_original.png,20
040_8739_aug_460_0.png,40
090_8418_aug_4286_0.png,90
038_412_aug_517_1.png,38
090_3595_aug_4301_2.png,90
017_832_aug_1594_0.png,17
072_6421_aug_4131_2.png,72
018_82_aug_1554_1.png,18
092_1061_aug_4268_2.png,92
017_3282_aug_1572_0.png,17
032_6071_aug_107_1.png,32
075_5237_aug_4234_1.png,75
095_7088_aug_4261_0.png,95
009_1877_aug_1056_2.png,9
018_6053_aug_1553_0.png,18
052_6224_aug_790_1.png,52
009_2564_aug_1050_2.png,9
017_7025_original.png,17
009_3312_aug_1089_2.png,9
042_4055_original.png,42
030_7218_aug_159_2.png,30
071_3952_aug_3331_0.png,71
051_3009_aug_832_2.png,51
039_8136_aug_494_0.png,39
052_9596_aug_811_0.png,52
039_1033_aug_470_2.png,39
075_6692_aug_4244_2.png,75
064_1272_original.png,64
038_5467_aug_527_2.png,38
039_6916_aug_485_0.png,39
085_240_aug_4369_2.png,85
052_8703_aug_815_2.png,52
038_4436_original.png,38
013_500_original.png,13
040_5588_aug_459_1.png,40
070_961_aug_3316_0.png,70
009_7603_aug_1124_0.png,9
018_9360_aug_1564_0.png,18
015_1692_original.png,15
005_9104_original.png,5
053_5420_aug_735_1.png,53
071_6105_aug_3327_0.png,71
049_7664_original.png,49
072_7992_original.png,72
053_2603_original.png,53
021_8242_aug_23_1.png,21
085_2501_aug_4367_1.png,85
062_2900_original.png,62
089_1343_aug_4311_1.png,89
013_149_aug_1758_0.png,13
020_637_original.png,20
009_6856_aug_1101_0.png,9
052_1245_aug_769_0.png,52
040_3521_aug_452_0.png,40
043_2569_aug_404_1.png,43
032_9018_aug_130_2.png,32
012_3805_aug_1785_2.png,12
051_9408_aug_838_2.png,51
032_2199_aug_103_1.png,32
009_3346_aug_1090_2.png,9
040_5588_aug_459_0.png,40
005_5129_aug_1378_1.png,5
062_3736_aug_3076_1.png,62
012_5780_aug_1777_2.png,12
062_655_original.png,62
090_5936_aug_4297_2.png,90
092_2766_aug_4264_0.png,92
005_2347_aug_1320_0.png,5
065_2716_aug_3345_0.png,65
020_1577_aug_29_2.png,20
015_61_original.png,15
012_512_original.png,12
090_3861_aug_4303_0.png,90
029_7215_aug_191_1.png,29
005_626_aug_1367_1.png,5
063_4145_original.png,63
075_7365_aug_4228_1.png,75
032_5890_original.png,32
043_252_aug_407_2.png,43
001_1212_original.png,1
061_5398_aug_3101_0.png,61
010_9322_original.png,10
009_3723_aug_1082_1.png,9
030_2278_aug_135_0.png,30
005_8639_original.png,5
005_3870_aug_1350_2.png,5
065_3548_aug_3338_1.png,65
071_726_aug_3328_0.png,71
028_3909_aug_206_0.png,28
075_4429_original.png,75
075_6736_aug_4225_0.png,75
092_9685_original.png,92
017_3643_aug_1580_0.png,17
015_3464_aug_1664_0.png,15
039_6886_aug_486_2.png,39
049_5428_aug_885_1.png,49
013_4808_original.png,13
096_4925_aug_4251_0.png,96
090_2976_aug_4272_0.png,90
040_7056_aug_453_2.png,40
008_2640_aug_1146_0.png,8
065_4075_original.png,65
063_1968_original.png,63
014_3488_original.png,14
001_1342_aug_1018_0.png,1
039_6364_original.png,39
009_2409_aug_1054_0.png,9
062_1684_original.png,62
040_9277_aug_463_0.png,40
009_1509_original.png,9
008_3745_aug_1157_1.png,8
005_4915_aug_1339_0.png,5
018_6274_aug_1548_2.png,18
005_3228_original.png,5
040_1366_aug_436_1.png,40
001_1415_aug_1001_1.png,1
032_6770_original.png,32
013_500_aug_1750_1.png,13
070_5498_original.png,70
092_5569_original.png,92
040_7056_original.png,40
039_6483_aug_487_2.png,39
053_7153_aug_758_1.png,53
074_8601_original.png,74
043_6662_original.png,43
009_732_aug_1099_1.png,9
050_7496_original.png,50
014_1326_original.png,14
053_2333_aug_722_1.png,53
040_8706_aug_462_1.png,40
062_7938_aug_3080_1.png,62
039_6956_aug_484_0.png,39
020_9594_aug_54_2.png,20
001_1107_aug_1004_2.png,1
042_6210_aug_689_2.png,42
043_639_original.png,43
001_1851_aug_1033_0.png,1
009_1763_original.png,9
009_7776_aug_1092_2.png,9
019_2441_aug_59_2.png,19
015_5607_aug_1673_0.png,15
049_5428_aug_885_2.png,49
052_6940_aug_789_2.png,52
040_4986_original.png,40
085_2937_aug_4363_2.png,85
015_9498_aug_1705_2.png,15
009_4458_aug_1074_0.png,9
090_203_aug_4273_0.png,90
039_8917_original.png,39
001_1172_aug_1014_0.png,1
015_1692_aug_1669_0.png,15
018_4315_original.png,18
064_2929_aug_3289_1.png,64
048_6219_aug_903_1.png,48
015_6967_aug_1691_2.png,15
015_1296_aug_1665_2.png,15
050_3223_aug_858_0.png,50
065_4104_aug_3341_0.png,65
048_7171_aug_901_0.png,48
029_5699_aug_187_0.png,29
063_20_aug_3274_0.png,63
088_321_aug_4323_1.png,88
089_5096_aug_4317_0.png,89
090_5181_aug_4295_1.png,90
009_7599_aug_1125_0.png,9
075_5724_original.png,75
052_6331_aug_791_1.png,52
030_2_aug_134_0.png,30
028_5990_aug_228_1.png,28
028_2225_original.png,28
049_1499_original.png,49
038_6372_original.png,38
032_1726_original.png,32
005_1079_aug_1327_1.png,5
075_2316_aug_4205_1.png,75
018_4021_original.png,18
014_2455_aug_1714_1.png,14
039_1543_original.png,39
052_1372_aug_765_2.png,52
008_1610_aug_1129_1.png,8
090_8128_original.png,90
020_1395_original.png,20
014_5309_original.png,14
015_347_original.png,15
029_3953_aug_160_1.png,29
065_3412_aug_3343_0.png,65
009_6854_aug_1105_0.png,9
043_1827_original.png,43
075_1875_aug_4196_2.png,75
090_6260_aug_4279_1.png,90
039_6956_aug_484_1.png,39
063_4377_aug_3264_1.png,63
041_743_aug_435_0.png,41
001_1414_aug_1017_2.png,1
039_3923_original.png,39
018_8576_aug_1556_0.png,18
062_4107_aug_3066_1.png,62
065_3317_aug_3342_1.png,65
018_7542_original.png,18
075_4341_aug_4199_0.png,75
001_1131_aug_1016_0.png,1
020_2634_aug_39_0.png,20
013_8764_original.png,13
039_3719_aug_477_0.png,39
013_2015_aug_1756_1.png,13
074_7894_original.png,74
042_781_aug_703_0.png,42
041_9454_aug_432_2.png,41
028_444_aug_204_0.png,28
001_1216_original.png,1
075_6061_aug_4240_2.png,75
009_1437_aug_1065_1.png,9
050_5778_aug_866_2.png,50
075_5898_aug_4233_1.png,75
021_5440_aug_10_2.png,21
029_8370_aug_198_2.png,29
062_6546_aug_3088_1.png,62
061_8946_aug_3113_2.png,61
015_1470_aug_1666_1.png,15
012_4246_aug_1786_1.png,12
070_7298_original.png,70
038_7720_aug_528_1.png,38
050_7872_aug_864_0.png,50
019_5528_aug_68_1.png,19
072_2303_original.png,72
053_7472_aug_760_0.png,53
090_7786_original.png,90
014_499_aug_1730_0.png,14
053_4951_original.png,53
013_8564_aug_1760_2.png,13
015_6293_original.png,15
063_8929_aug_3275_2.png,63
029_2330_original.png,29
014_8461_aug_1740_2.png,14
086_2981_aug_4341_2.png,86
071_3978_original.png,71
028_2349_aug_212_2.png,28
014_7654_aug_1737_2.png,14
073_6127_original.png,73
012_2726_original.png,12
009_7776_aug_1092_1.png,9
043_4172_original.png,43
053_5082_original.png,53
015_8280_original.png,15
020_1617_original.png,20
018_8184_aug_1558_2.png,18
032_703_aug_124_0.png,32
008_4913_aug_1160_1.png,8
009_470_aug_1068_2.png,9
100_6408_aug_4333_1.png,100
028_6416_original.png,28
075_8193_aug_4232_1.png,75
028_6458_original.png,28
005_8557_aug_1395_2.png,5
038_895_aug_529_1.png,38
062_7682_aug_3087_0.png,62
072_426_original.png,72
062_2900_aug_3077_1.png,62
053_8726_aug_753_2.png,53
052_457_aug_775_0.png,52
029_19_aug_167_2.png,29
038_6372_aug_522_1.png,38
049_104_aug_879_2.png,49
009_1877_aug_1056_0.png,9
052_3819_aug_778_2.png,52
042_4055_aug_698_2.png,42
072_7633_original.png,72
099_8865_aug_4334_0.png,99
051_3542_original.png,51
009_7098_aug_1097_1.png,9
052_6064_aug_795_2.png,52
017_8973_aug_1595_2.png,17
070_833_original.png,70
008_2989_aug_1151_0.png,8
075_4341_original.png,75
028_3847_aug_207_2.png,28
061_1859_aug_3102_0.png,61
070_2930_original.png,70
071_9319_aug_3334_0.png,71
019_7205_aug_73_1.png,19
014_1217_aug_1709_2.png,14
001_1792_aug_1035_0.png,1
043_4172_aug_403_1.png,43
014_6781_aug_1731_2.png,14
101_1554_aug_4332_2.png,101
052_6155_aug_796_0.png,52
013_634_aug_1764_2.png,13
029_557_aug_175_0.png,29
096_7149_aug_4257_2.png,96
042_7857_aug_705_0.png,42
050_3811_aug_856_0.png,50
001_1415_aug_1001_0.png,1
014_7075_aug_1733_0.png,14
005_5998_aug_1372_0.png,5
015_7565_aug_1699_1.png,15
015_6205_aug_1692_0.png,15
017_4662_aug_1582_2.png,17
020_3628_aug_32_1.png,20
043_6032_aug_411_0.png,43
019_9776_aug_67_2.png,19
070_5178_aug_3308_0.png,70
088_5102_aug_4326_2.png,88
090_5936_original.png,90
018_2854_aug_75_2.png,18
039_913_original.png,39
089_2372 (1)_aug_4313_0.png,89
021_1508_original.png,21
001_1131_original.png,1
015_1470_aug_1666_0.png,15
032_6063_aug_110_1.png,32
039_1193_original.png,39
009_838_aug_1123_1.png,9
064_5576_original.png,64
038_5467_aug_527_1.png,38
049_452_original.png,49
018_6532_aug_102_0.png,18
065_1292_aug_4001_2.png,65
071_3151_aug_3330_0.png,71
071_942_aug_3332_1.png,71
015_9041_original.png,15
042_2232_aug_680_0.png,42
017_4656_aug_1581_2.png,17
018_5903_aug_1550_2.png,18
042_2965_aug_678_2.png,42
072_2303_aug_4146_2.png,72
005_349_aug_1360_2.png,5
042_2825_original.png,42
020_5805_aug_46_0.png,20
040_3037_aug_449_2.png,40
038_4436_aug_523_2.png,38
039_3923_aug_474_1.png,39
009_1763_aug_1060_2.png,9
050_7872_original.png,50
029_1137_aug_165_2.png,29
029_340_aug_162_2.png,29
039_8917_aug_500_2.png,39
039_1193_aug_467_0.png,39
086_2066_aug_4347_2.png,86
072_3566_original.png,72
052_7865_original.png,52
014_7835_aug_1741_0.png,14
052_5201_aug_803_0.png,52
090_9233_aug_4287_2.png,90
009_403_aug_1078_1.png,9
005_3270_original.png,5
071_8074_original.png,71
070_9659_aug_3318_1.png,70
008_4309_aug_1162_1.png,8
049_2759_aug_876_1.png,49
070_4570_aug_3309_2.png,70
038_5750_aug_520_1.png,38
030_4383_original.png,30
009_628_aug_1114_1.png,9
020_850_aug_53_2.png,20
070_1536_original.png,70
021_2919_aug_1_0.png,21
041_6320_original.png,41
014_2852_original.png,14
030_4383_aug_138_1.png,30
051_4557_original.png,51
014_7835_original.png,14
008_3313_aug_1143_1.png,8
085_3360_aug_4359_2.png,85
014_2382_aug_1715_2.png,14
070_4570_original.png,70
039_3803_aug_476_2.png,39
040_3521_aug_452_2.png,40
071_726_aug_3328_2.png,71
009_696_aug_1095_1.png,9
053_489_aug_744_1.png,53
012_1331_original.png,12
001_1301_aug_1024_1.png,1
018_3698_original.png,18
053_8856_aug_748_2.png,53
015_3721_aug_1682_2.png,15
018_8076_aug_1562_1.png,18
053_7014_original.png,53
040_7864_original.png,40
005_1156_aug_1322_1.png,5
085_2501_original.png,85
009_3891_aug_1077_2.png,9
090_7521_aug_4282_2.png,90
001_1342_original.png,1
018_7951_aug_1561_0.png,18
090_203_original.png,90
050_9098_aug_874_2.png,50
005_5286_aug_1377_0.png,5
062_1684_aug_3072_0.png,62
009_5747_aug_1106_2.png,9
008_2183_original.png,8
009_2744_aug_1053_1.png,9
012_1739_aug_1767_0.png,12
005_2089_original.png,5
008_3578_original.png,8
021_4487_original.png,21
052_5134_original.png,52
040_5451_aug_440_2.png,40
009_8807_aug_1122_1.png,9
039_913_aug_498_0.png,39
089_3675 (1)_aug_4315_0.png,89
053_8726_aug_753_1.png,53
032_1726_aug_105_1.png,32
018_3519_aug_90_0.png,18
032_1297_original.png,32
052_9596_aug_811_2.png,52
009_5345_original.png,9
001_1212_aug_1011_2.png,1
018_3388_aug_94_1.png,18
019_2802_original.png,19
008_2269_aug_1137_0.png,8
029_9441_aug_201_0.png,29
052_1044_aug_767_0.png,52
092_1029_aug_4267_2.png,92
072_1836_aug_4126_0.png,72
015_6768_aug_1697_1.png,15
042_1882_aug_685_1.png,42
050_265_aug_853_1.png,50
028_6076_aug_222_0.png,28
009_3312_aug_1089_0.png,9
001_1786_original.png,1
028_5372_aug_220_2.png,28
012_1368_aug_1772_0.png,12
029_3015_aug_169_0.png,29
061_5461_aug_3111_0.png,61
028_382_original.png,28
052_5201_original.png,52
020_1839_original.png,20
009_732_aug_1099_0.png,9
090_8558_aug_4288_1.png,90
021_9127_aug_28_0.png,21
040_3036_aug_450_2.png,40
051_2671_aug_833_2.png,51
092_5569_aug_4266_0.png,92
009_6057_aug_1111_0.png,9
052_5960_aug_797_0.png,52
008_2769_aug_1144_1.png,8
015_7292_original.png,15
029_5242_aug_176_0.png,29
065_3546_aug_3337_1.png,65
029_5902_aug_173_0.png,29
015_3801_aug_1679_0.png,15
040_1366_aug_436_0.png,40
039_633_aug_491_2.png,39
015_6293_aug_1696_2.png,15
053_8697_aug_756_1.png,53
028_6076_aug_222_2.png,28
015_6811_aug_1689_1.png,15
041_2164_aug_427_1.png,41
039_1543_aug_465_2.png,39
039_8151_aug_496_0.png,39
038_7146_aug_515_2.png,38
070_3299_aug_3311_1.png,70
021_2211_aug_4_1.png,21
009_7381_aug_1103_2.png,9
095_6403_aug_4260_0.png,95
028_1492_aug_203_0.png,28
053_2610_aug_723_1.png,53
021_5440_aug_10_1.png,21
009_1763_aug_1060_1.png,9
075_5018_aug_4221_2.png,75
012_5925_aug_1776_1.png,12
018_3764_aug_96_2.png,18
009_4304_original.png,9
042_7949_original.png,42
053_3987_aug_745_0.png,53
005_976_original.png,5
021_7362_original.png,21
075_5018_aug_4221_0.png,75
040_8706_aug_462_0.png,40
040_6764_original.png,40
005_1777_aug_1328_1.png,5
009_4483_original.png,9
001_1300_original.png,1
052_2161_aug_788_1.png,52
090_4193_aug_4300_1.png,90
015_936_aug_1703_0.png,15
